data;cod_ibge;densidade
2026-07-01;1100015;34,38
2026-07-01;1100023;27,99
2026-07-01;1100031;47,82
2026-07-01;1100049;31,54
2026-07-01;1100056;14,31
2026-07-01;1100064;33,73
2026-07-01;1100072;24,06
2026-07-01;1100080;17,72
2026-07-01;1100098;12,98
2026-07-01;1100106;21,45
2026-07-01;1100114;36,04
2026-07-01;1100122;36,84
2026-07-01;1100130;31,96
2026-07-01;1100148;63,1
2026-07-01;1100155;25,85
2026-07-01;1100189;23,66
2026-07-01;1100205;31,58
2026-07-01;1100254;48,92
2026-07-01;1100262;12,75
2026-07-01;1100288;33,55
2026-07-01;1100296;14,25
2026-07-01;1100304;24,57
2026-07-01;1100320;22,12
2026-07-01;1100338;18,57
2026-07-01;1100346;65,48
2026-07-01;1100379;25,41
2026-07-01;1100403;20,38
2026-07-01;1100452;35,91
2026-07-01;1100502;60,54
2026-07-01;1100601;40,05
2026-07-01;1100700;27,73
2026-07-01;1100809;16,9
2026-07-01;1100908;41,51
2026-07-01;1100924;3,92
2026-07-01;1100940;21,39
2026-07-01;1101005;13,87
2026-07-01;1101104;21,27
2026-07-01;1101203;35,95
2026-07-01;1101302;37,93
2026-07-01;1101401;21,4
2026-07-01;1101435;7,1
2026-07-01;1101450;12,88
2026-07-01;1101468;20,19
2026-07-01;1101476;27,52
2026-07-01;1101484;51,71
2026-07-01;1101492;30,03
2026-07-01;1101500;42,25
2026-07-01;1101559;23,98
2026-07-01;1101609;15,23
2026-07-01;1101708;36,58
2026-07-01;1101757;27,92
2026-07-01;1101807;20,71
2026-07-01;5100102;19,73
2026-07-01;5100201;11,8
2026-07-01;5100250;20,79
2026-07-01;5100300;6,48
2026-07-01;5100359;13,21
2026-07-01;5100409;14,03
2026-07-01;5100508;7,12
2026-07-01;5100607;2,09
2026-07-01;5100805;13,42
2026-07-01;5101001;19,61
2026-07-01;5101209;21,44
2026-07-01;5101258;17,88
2026-07-01;5101308;24,07
2026-07-01;5101407;18,79
2026-07-01;5101605;7,16
2026-07-01;5101704;32,1
2026-07-01;5101803;23,11
2026-07-01;5101837;10,4
2026-07-01;5101852;12,37
2026-07-01;5101902;17,56
2026-07-01;5102504;19,41
2026-07-01;5102603;7,68
2026-07-01;5102637;22,71
2026-07-01;5102678;25,5
2026-07-01;5102686;25,68
2026-07-01;5102694;22,73
2026-07-01;5102702;30,26
2026-07-01;5102793;17,52
2026-07-01;5102850;7,93
2026-07-01;5103007;37,67
2026-07-01;5103056;37,87
2026-07-01;5103106;37,68
2026-07-01;5103205;29,8
2026-07-01;5103254;17,62
2026-07-01;5103304;13,39
2026-07-01;5103353;17,85
2026-07-01;5103361;17,18
2026-07-01;5103379;21,55
2026-07-01;5103403;35,07
2026-07-01;5103437;1,71
2026-07-01;5103452;14,15
2026-07-01;5103502;29,44
2026-07-01;5103601;17,67
2026-07-01;5103700;27,9
2026-07-01;5103809;3,03
2026-07-01;5103858;29,05
2026-07-01;5103908;2,45
2026-07-01;5103957;33,73
2026-07-01;5104104;22,35
2026-07-01;5104203;17,02
2026-07-01;5104500;1,91
2026-07-01;5104526;14,72
2026-07-01;5104542;10,08
2026-07-01;5104559;39,29
2026-07-01;5104609;20,7
2026-07-01;5104807;27,05
2026-07-01;5104906;11,84
2026-07-01;5105002;9,52
2026-07-01;5105101;18,37
2026-07-01;5105150;10,99
2026-07-01;5105176;16,29
2026-07-01;5105200;24,64
2026-07-01;5105234;14,54
2026-07-01;5105259;21,38
2026-07-01;5105309;9,08
2026-07-01;5105507;16,49
2026-07-01;5105580;4,34
2026-07-01;5105606;18,32
2026-07-01;5105622;13,06
2026-07-01;5105903;21,53
2026-07-01;5106000;21,09
2026-07-01;5106109;19,75
2026-07-01;5106158;25,08
2026-07-01;5106174;18,91
2026-07-01;5106182;17,41
2026-07-01;5106190;29,09
2026-07-01;5106208;22,12
2026-07-01;5106216;29,38
2026-07-01;5106224;31,33
2026-07-01;5106232;36,08
2026-07-01;5106240;24,09
2026-07-01;5106257;6,34
2026-07-01;5106265;13,94
2026-07-01;5106273;8,03
2026-07-01;5106281;4,77
2026-07-01;5106299;15,91
2026-07-01;5106307;18,23
2026-07-01;5106315;11,95
2026-07-01;5106372;13,6
2026-07-01;5106422;21,35
2026-07-01;5106455;21,49
2026-07-01;5106505;18,53
2026-07-01;5106653;9,12
2026-07-01;5106703;18,78
2026-07-01;5106752;16,74
2026-07-01;5106778;20,46
2026-07-01;5106802;13,5
2026-07-01;5106828;19,89
2026-07-01;5106851;19,47
2026-07-01;5107008;9,32
2026-07-01;5107040;31,26
2026-07-01;5107065;25,66
2026-07-01;5107107;26,46
2026-07-01;5107156;10,01
2026-07-01;5107180;9,95
2026-07-01;5107198;23,45
2026-07-01;5107206;17,29
2026-07-01;5107248;42,15
2026-07-01;5107263;13,62
2026-07-01;5107297;31,36
2026-07-01;5107305;32,03
2026-07-01;5107354;15,59
2026-07-01;5107404;10,37
2026-07-01;5107578;11,77
2026-07-01;5107602;34,19
2026-07-01;5107701;17,96
2026-07-01;5107743;14,69
2026-07-01;5107750;13,53
2026-07-01;5107768;24,36
2026-07-01;5107776;5,09
2026-07-01;5107792;22,5
2026-07-01;5107800;10,48
2026-07-01;5107859;10,41
2026-07-01;5107875;8,31
2026-07-01;5107883;7,37
2026-07-01;5107909;33,7
2026-07-01;5107925;30,54
2026-07-01;5107941;6,81
2026-07-01;5107958;35,91
2026-07-01;5108006;20,89
2026-07-01;5108055;17,08
2026-07-01;5108105;15,83
2026-07-01;5108204;17,71
2026-07-01;5108303;20,69
2026-07-01;5108352;2,86
2026-07-01;5108402;23,72
2026-07-01;5108501;30,74
2026-07-01;5108600;25,55
2026-07-01;5108808;35,87
2026-07-01;5108857;19,93
2026-07-01;5108907;14,71
2026-07-01;5108956;18,99
2026-06-01;1100015;33,84
2026-06-01;1100023;24,67
2026-06-01;1100031;47,46
2026-06-01;1100049;31,63
2026-06-01;1100056;14,23
2026-06-01;1100064;33,25
2026-06-01;1100072;23,72
2026-06-01;1100080;18,22
2026-06-01;1100098;13,0
2026-06-01;1100106;21,04
2026-06-01;1100114;35,95
2026-06-01;1100122;37,02
2026-06-01;1100130;32,08
2026-06-01;1100148;62,61
2026-06-01;1100155;26,81
2026-06-01;1100189;23,44
2026-06-01;1100205;31,48
2026-06-01;1100254;48,74
2026-06-01;1100262;4,01
2026-06-01;1100288;33,7
2026-06-01;1100296;14,15
2026-06-01;1100304;23,67
2026-06-01;1100320;21,76
2026-06-01;1100338;19,15
2026-06-01;1100346;64,91
2026-06-01;1100379;25,3
2026-06-01;1100403;20,57
2026-06-01;1100452;34,33
2026-06-01;1100502;59,82
2026-06-01;1100601;37,93
2026-06-01;1100700;26,78
2026-06-01;1100809;16,81
2026-06-01;1100908;41,42
2026-06-01;1100924;12,47
2026-06-01;1100940;21,3
2026-06-01;1101005;12,87
2026-06-01;1101104;21,72
2026-06-01;1101203;35,1
2026-06-01;1101302;37,94
2026-06-01;1101401;18,95
2026-06-01;1101435;11,51
2026-06-01;1101450;12,9
2026-06-01;1101468;19,92
2026-06-01;1101476;27,51
2026-06-01;1101484;51,56
2026-06-01;1101492;30,06
2026-06-01;1101500;42,24
2026-06-01;1101559;83,03
2026-06-01;1101609;20,9
2026-06-01;1101708;35,48
2026-06-01;1101757;27,73
2026-06-01;1101807;22,36
2026-06-01;5100102;24,37
2026-06-01;5100201;12,36
2026-06-01;5100250;21,13
2026-06-01;5100300;6,49
2026-06-01;5100359;13,19
2026-06-01;5100409;12,83
2026-06-01;5100508;6,76
2026-06-01;5100607;2,01
2026-06-01;5100805;12,6
2026-06-01;5101001;19,2
2026-06-01;5101209;22,17
2026-06-01;5101258;17,57
2026-06-01;5101308;23,92
2026-06-01;5101407;18,92
2026-06-01;5101605;6,96
2026-06-01;5101704;33,13
2026-06-01;5101803;23,64
2026-06-01;5101837;10,29
2026-06-01;5101852;13,04
2026-06-01;5101902;17,68
2026-06-01;5102504;19,02
2026-06-01;5102603;7,74
2026-06-01;5102637;22,91
2026-06-01;5102678;26,81
2026-06-01;5102686;26,58
2026-06-01;5102694;22,44
2026-06-01;5102702;31,29
2026-06-01;5102793;17,22
2026-06-01;5102850;7,87
2026-06-01;5103007;37,51
2026-06-01;5103056;36,54
2026-06-01;5103106;37,38
2026-06-01;5103205;30,53
2026-06-01;5103254;18,46
2026-06-01;5103304;13,79
2026-06-01;5103353;17,9
2026-06-01;5103361;15,89
2026-06-01;5103379;20,01
2026-06-01;5103403;34,72
2026-06-01;5103437;6,52
2026-06-01;5103452;13,3
2026-06-01;5103502;28,83
2026-06-01;5103601;17,35
2026-06-01;5103700;27,93
2026-06-01;5103809;3,14
2026-06-01;5103858;27,81
2026-06-01;5103908;2,34
2026-06-01;5103957;32,07
2026-06-01;5104104;22,2
2026-06-01;5104203;16,47
2026-06-01;5104500;10,04
2026-06-01;5104526;15,19
2026-06-01;5104542;10,52
2026-06-01;5104559;40,03
2026-06-01;5104609;20,48
2026-06-01;5104807;27,27
2026-06-01;5104906;13,81
2026-06-01;5105002;9,07
2026-06-01;5105101;18,55
2026-06-01;5105150;11,33
2026-06-01;5105176;17,43
2026-06-01;5105200;24,94
2026-06-01;5105234;15,96
2026-06-01;5105259;23,24
2026-06-01;5105309;9,59
2026-06-01;5105507;19,07
2026-06-01;5105580;4,28
2026-06-01;5105606;19,52
2026-06-01;5105622;14,61
2026-06-01;5105903;20,9
2026-06-01;5106000;20,97
2026-06-01;5106109;20,83
2026-06-01;5106158;25,61
2026-06-01;5106174;19,56
2026-06-01;5106182;16,43
2026-06-01;5106190;29,39
2026-06-01;5106208;21,47
2026-06-01;5106216;28,93
2026-06-01;5106224;38,05
2026-06-01;5106232;31,47
2026-06-01;5106240;25,65
2026-06-01;5106257;6,39
2026-06-01;5106265;13,88
2026-06-01;5106273;7,74
2026-06-01;5106281;4,81
2026-06-01;5106299;15,56
2026-06-01;5106307;19,18
2026-06-01;5106315;12,44
2026-06-01;5106372;13,63
2026-06-01;5106422;21,5
2026-06-01;5106455;21,6
2026-06-01;5106505;20,92
2026-06-01;5106653;9,46
2026-06-01;5106703;20,83
2026-06-01;5106752;17,96
2026-06-01;5106778;20,79
2026-06-01;5106802;13,51
2026-06-01;5106828;16,84
2026-06-01;5106851;19,55
2026-06-01;5107008;9,53
2026-06-01;5107040;32,22
2026-06-01;5107065;26,53
2026-06-01;5107107;27,67
2026-06-01;5107156;9,5
2026-06-01;5107180;12,7
2026-06-01;5107198;23,89
2026-06-01;5107206;19,41
2026-06-01;5107248;43,71
2026-06-01;5107263;27,69
2026-06-01;5107297;30,85
2026-06-01;5107305;31,47
2026-06-01;5107354;15,7
2026-06-01;5107404;10,33
2026-06-01;5107578;12,22
2026-06-01;5107602;34,75
2026-06-01;5107701;17,35
2026-06-01;5107743;15,25
2026-06-01;5107750;15,86
2026-06-01;5107768;39,9
2026-06-01;5107776;4,96
2026-06-01;5107792;23,54
2026-06-01;5107800;10,34
2026-06-01;5107859;10,59
2026-06-01;5107875;10,76
2026-06-01;5107883;7,57
2026-06-01;5107909;34,82
2026-06-01;5107925;29,4
2026-06-01;5107941;19,67
2026-06-01;5107958;31,09
2026-06-01;5108006;21,86
2026-06-01;5108055;17,07
2026-06-01;5108105;16,49
2026-06-01;5108204;19,02
2026-06-01;5108303;19,67
2026-06-01;5108352;2,8
2026-06-01;5108402;21,44
2026-06-01;5108501;36,0
2026-06-01;5108600;22,1
2026-06-01;5108808;35,55
2026-06-01;5108857;20,4
2026-06-01;5108907;15,39
2026-06-01;5108956;18,1
2026-05-01;1100015;30,0
2026-05-01;1100023;27,67
2026-05-01;1100031;47,51
2026-05-01;1100049;32,61
2026-05-01;1100056;14,98
2026-05-01;1100064;33,29
2026-05-01;1100072;23,8
2026-05-01;1100080;17,99
2026-05-01;1100098;14,0
2026-05-01;1100106;20,04
2026-05-01;1100114;32,32
2026-05-01;1100122;34,9
2026-05-01;1100130;38,47
2026-05-01;1100148;54,23
2026-05-01;1100155;24,56
2026-05-01;1100189;23,74
2026-05-01;1100205;31,47
2026-05-01;1100254;44,66
2026-05-01;1100262;13,17
2026-05-01;1100288;31,04
2026-05-01;1100296;13,35
2026-05-01;1100304;22,92
2026-05-01;1100320;19,87
2026-05-01;1100338;18,61
2026-05-01;1100346;56,25
2026-05-01;1100379;23,33
2026-05-01;1100403;19,72
2026-05-01;1100452;33,8
2026-05-01;1100502;55,54
2026-05-01;1100601;37,05
2026-05-01;1100700;27,1
2026-05-01;1100809;16,66
2026-05-01;1100908;40,81
2026-05-01;1100924;12,29
2026-05-01;1100940;21,48
2026-05-01;1101005;12,53
2026-05-01;1101104;21,78
2026-05-01;1101203;36,51
2026-05-01;1101302;37,36
2026-05-01;1101401;17,31
2026-05-01;1101435;10,59
2026-05-01;1101450;12,26
2026-05-01;1101468;19,36
2026-05-01;1101476;27,6
2026-05-01;1101484;48,48
2026-05-01;1101492;26,45
2026-05-01;1101500;39,45
2026-05-01;1101559;78,99
2026-05-01;1101609;13,95
2026-05-01;1101708;32,7
2026-05-01;1101757;28,56
2026-05-01;1101807;21,89
2026-05-01;5100102;13,82
2026-05-01;5100201;12,39
2026-05-01;5100250;21,12
2026-05-01;5100300;6,75
2026-05-01;5100359;11,05
2026-05-01;5100409;16,34
2026-05-01;5100508;6,83
2026-05-01;5100607;2,02
2026-05-01;5100805;11,43
2026-05-01;5101001;18,9
2026-05-01;5101209;26,58
2026-05-01;5101258;17,03
2026-05-01;5101308;23,73
2026-05-01;5101407;18,56
2026-05-01;5101605;6,95
2026-05-01;5101704;31,08
2026-05-01;5101803;23,47
2026-05-01;5101837;0,34
2026-05-01;5101852;12,54
2026-05-01;5101902;17,53
2026-05-01;5102504;18,75
2026-05-01;5102603;7,49
2026-05-01;5102637;22,51
2026-05-01;5102678;27,29
2026-05-01;5102686;26,37
2026-05-01;5102694;22,06
2026-05-01;5102702;31,21
2026-05-01;5102793;16,14
2026-05-01;5102850;17,86
2026-05-01;5103007;37,32
2026-05-01;5103056;36,57
2026-05-01;5103106;36,66
2026-05-01;5103205;30,28
2026-05-01;5103254;18,11
2026-05-01;5103304;13,74
2026-05-01;5103353;17,66
2026-05-01;5103361;15,56
2026-05-01;5103379;18,63
2026-05-01;5103403;34,96
2026-05-01;5103437;6,6
2026-05-01;5103452;12,82
2026-05-01;5103502;30,47
2026-05-01;5103601;16,84
2026-05-01;5103700;27,66
2026-05-01;5103809;3,14
2026-05-01;5103858;25,15
2026-05-01;5103908;2,36
2026-05-01;5103957;31,69
2026-05-01;5104104;21,63
2026-05-01;5104203;16,56
2026-05-01;5104500;9,85
2026-05-01;5104526;20,8
2026-05-01;5104542;10,32
2026-05-01;5104559;40,22
2026-05-01;5104609;20,31
2026-05-01;5104807;26,99
2026-05-01;5104906;7,77
2026-05-01;5105002;9,26
2026-05-01;5105101;18,34
2026-05-01;5105150;14,69
2026-05-01;5105176;19,28
2026-05-01;5105200;24,48
2026-05-01;5105234;16,09
2026-05-01;5105259;22,94
2026-05-01;5105309;8,83
2026-05-01;5105507;18,92
2026-05-01;5105580;4,04
2026-05-01;5105606;18,17
2026-05-01;5105622;14,52
2026-05-01;5105903;25,59
2026-05-01;5106000;20,8
2026-05-01;5106109;20,24
2026-05-01;5106158;26,58
2026-05-01;5106174;18,1
2026-05-01;5106182;16,09
2026-05-01;5106190;29,25
2026-05-01;5106208;20,36
2026-05-01;5106216;28,68
2026-05-01;5106224;25,9
2026-05-01;5106232;33,22
2026-05-01;5106240;24,39
2026-05-01;5106257;6,3
2026-05-01;5106265;13,38
2026-05-01;5106273;7,68
2026-05-01;5106281;4,77
2026-05-01;5106299;15,37
2026-05-01;5106307;19,18
2026-05-01;5106315;11,22
2026-05-01;5106372;13,17
2026-05-01;5106422;20,62
2026-05-01;5106455;20,76
2026-05-01;5106505;20,87
2026-05-01;5106653;9,41
2026-05-01;5106703;21,35
2026-05-01;5106752;17,15
2026-05-01;5106778;21,01
2026-05-01;5106802;13,09
2026-05-01;5106828;16,61
2026-05-01;5106851;19,26
2026-05-01;5107008;9,41
2026-05-01;5107040;32,24
2026-05-01;5107065;25,95
2026-05-01;5107107;27,5
2026-05-01;5107156;9,5
2026-05-01;5107180;12,19
2026-05-01;5107198;24,22
2026-05-01;5107206;19,3
2026-05-01;5107248;43,52
2026-05-01;5107263;28,89
2026-05-01;5107297;30,96
2026-05-01;5107305;31,64
2026-05-01;5107354;15,43
2026-05-01;5107404;22,24
2026-05-01;5107578;10,8
2026-05-01;5107602;34,98
2026-05-01;5107701;17,89
2026-05-01;5107743;14,84
2026-05-01;5107750;16,0
2026-05-01;5107768;10,44
2026-05-01;5107776;5,23
2026-05-01;5107792;22,6
2026-05-01;5107800;10,05
2026-05-01;5107859;10,57
2026-05-01;5107875;11,48
2026-05-01;5107883;7,47
2026-05-01;5107909;34,63
2026-05-01;5107925;31,2
2026-05-01;5107941;19,01
2026-05-01;5107958;32,45
2026-05-01;5108006;21,46
2026-05-01;5108055;16,71
2026-05-01;5108105;15,84
2026-05-01;5108204;18,64
2026-05-01;5108303;19,62
2026-05-01;5108352;2,7
2026-05-01;5108402;22,54
2026-05-01;5108501;36,01
2026-05-01;5108600;21,49
2026-05-01;5108808;35,22
2026-05-01;5108857;19,83
2026-05-01;5108907;15,21
2026-05-01;5108956;17,83
2026-04-01;1100015;29,91
2026-04-01;1100023;28,98
2026-04-01;1100031;46,24
2026-04-01;1100049;31,41
2026-04-01;1100056;11,98
2026-04-01;1100064;21,26
2026-04-01;1100072;23,05
2026-04-01;1100080;16,14
2026-04-01;1100098;14,13
2026-04-01;1100106;19,22
2026-04-01;1100114;32,22
2026-04-01;1100122;35,63
2026-04-01;1100130;38,06
2026-04-01;1100148;53,86
2026-04-01;1100155;25,03
2026-04-01;1100189;23,48
2026-04-01;1100205;31,43
2026-04-01;1100254;44,6
2026-04-01;1100262;14,07
2026-04-01;1100288;30,26
2026-04-01;1100296;12,94
2026-04-01;1100304;22,45
2026-04-01;1100320;20,04
2026-04-01;1100338;15,78
2026-04-01;1100346;56,23
2026-04-01;1100379;19,16
2026-04-01;1100403;18,37
2026-04-01;1100452;33,17
2026-04-01;1100502;55,51
2026-04-01;1100601;33,29
2026-04-01;1100700;24,97
2026-04-01;1100809;16,95
2026-04-01;1100908;40,9
2026-04-01;1100924;12,18
2026-04-01;1100940;24,56
2026-04-01;1101005;10,43
2026-04-01;1101104;22,02
2026-04-01;1101203;34,7
2026-04-01;1101302;37,71
2026-04-01;1101401;17,0
2026-04-01;1101435;11,66
2026-04-01;1101450;12,17
2026-04-01;1101468;16,89
2026-04-01;1101476;27,14
2026-04-01;1101484;48,43
2026-04-01;1101492;26,46
2026-04-01;1101500;39,38
2026-04-01;1101559;76,33
2026-04-01;1101609;13,81
2026-04-01;1101708;32,86
2026-04-01;1101757;28,3
2026-04-01;1101807;20,25
2026-04-01;5100102;24,41
2026-04-01;5100201;11,4
2026-04-01;5100250;20,71
2026-04-01;5100300;6,78
2026-04-01;5100359;8,18
2026-04-01;5100409;17,18
2026-04-01;5100508;6,71
2026-04-01;5100607;1,99
2026-04-01;5100805;11,87
2026-04-01;5101001;18,85
2026-04-01;5101209;25,58
2026-04-01;5101258;17,05
2026-04-01;5101308;23,6
2026-04-01;5101407;17,25
2026-04-01;5101605;6,59
2026-04-01;5101704;31,82
2026-04-01;5101803;22,92
2026-04-01;5101837;0,36
2026-04-01;5101852;11,4
2026-04-01;5101902;17,41
2026-04-01;5102504;18,55
2026-04-01;5102603;7,32
2026-04-01;5102637;22,91
2026-04-01;5102678;27,63
2026-04-01;5102686;25,08
2026-04-01;5102694;21,91
2026-04-01;5102702;31,38
2026-04-01;5102793;14,46
2026-04-01;5102850;18,29
2026-04-01;5103007;37,21
2026-04-01;5103056;34,2
2026-04-01;5103106;35,92
2026-04-01;5103205;17,66
2026-04-01;5103254;17,92
2026-04-01;5103304;13,84
2026-04-01;5103353;16,87
2026-04-01;5103361;16,1
2026-04-01;5103379;13,5
2026-04-01;5103403;34,71
2026-04-01;5103437;6,3
2026-04-01;5103452;12,69
2026-04-01;5103502;30,35
2026-04-01;5103601;16,98
2026-04-01;5103700;27,01
2026-04-01;5103809;3,08
2026-04-01;5103858;23,88
2026-04-01;5103908;2,09
2026-04-01;5103957;31,62
2026-04-01;5104104;21,43
2026-04-01;5104203;16,22
2026-04-01;5104500;9,99
2026-04-01;5104526;20,51
2026-04-01;5104542;10,28
2026-04-01;5104559;35,84
2026-04-01;5104609;20,11
2026-04-01;5104807;27,12
2026-04-01;5104906;12,94
2026-04-01;5105002;9,02
2026-04-01;5105101;17,74
2026-04-01;5105150;13,92
2026-04-01;5105176;17,55
2026-04-01;5105200;19,66
2026-04-01;5105234;16,11
2026-04-01;5105259;23,07
2026-04-01;5105309;8,45
2026-04-01;5105507;18,95
2026-04-01;5105580;4,01
2026-04-01;5105606;18,52
2026-04-01;5105622;14,18
2026-04-01;5105903;22,73
2026-04-01;5106000;20,95
2026-04-01;5106109;19,72
2026-04-01;5106158;25,65
2026-04-01;5106174;17,11
2026-04-01;5106182;17,18
2026-04-01;5106190;24,79
2026-04-01;5106208;20,1
2026-04-01;5106216;28,24
2026-04-01;5106224;31,66
2026-04-01;5106232;31,7
2026-04-01;5106240;23,84
2026-04-01;5106257;6,58
2026-04-01;5106265;12,47
2026-04-01;5106273;7,5
2026-04-01;5106281;4,63
2026-04-01;5106299;15,09
2026-04-01;5106307;19,68
2026-04-01;5106315;11,27
2026-04-01;5106372;11,27
2026-04-01;5106422;20,6
2026-04-01;5106455;20,7
2026-04-01;5106505;20,34
2026-04-01;5106653;8,57
2026-04-01;5106703;21,73
2026-04-01;5106752;17,47
2026-04-01;5106778;20,74
2026-04-01;5106802;12,29
2026-04-01;5106828;16,74
2026-04-01;5106851;19,04
2026-04-01;5107008;9,43
2026-04-01;5107040;32,1
2026-04-01;5107065;25,05
2026-04-01;5107107;26,83
2026-04-01;5107156;9,36
2026-04-01;5107180;9,0
2026-04-01;5107198;23,42
2026-04-01;5107206;19,21
2026-04-01;5107248;43,3
2026-04-01;5107263;27,36
2026-04-01;5107297;31,08
2026-04-01;5107305;34,01
2026-04-01;5107354;15,26
2026-04-01;5107404;21,86
2026-04-01;5107578;10,38
2026-04-01;5107602;31,83
2026-04-01;5107701;16,92
2026-04-01;5107743;14,57
2026-04-01;5107750;15,72
2026-04-01;5107768;25,03
2026-04-01;5107776;4,2
2026-04-01;5107792;22,13
2026-04-01;5107800;9,58
2026-04-01;5107859;10,33
2026-04-01;5107875;12,14
2026-04-01;5107883;6,96
2026-04-01;5107909;34,23
2026-04-01;5107925;31,42
2026-04-01;5107941;18,91
2026-04-01;5107958;34,4
2026-04-01;5108006;20,78
2026-04-01;5108055;16,03
2026-04-01;5108105;15,84
2026-04-01;5108204;21,24
2026-04-01;5108303;19,8
2026-04-01;5108352;2,59
2026-04-01;5108402;22,41
2026-04-01;5108501;34,61
2026-04-01;5108600;22,11
2026-04-01;5108808;34,98
2026-04-01;5108857;19,86
2026-04-01;5108907;15,55
2026-04-01;5108956;18,05
2026-03-01;1100015;0,08
2026-03-01;1100023;0,01
2026-03-01;1100031;0,02
2026-03-01;1100049;0,3
2026-03-01;1100064;0,03
2026-03-01;1100072;0,03
2026-03-01;1100080;0,03
2026-03-01;1100098;5,1
2026-03-01;1100106;6,94
2026-03-01;1100114;1,6
2026-03-01;1100122;0,03
2026-03-01;1100130;0,02
2026-03-01;1100148;0,02
2026-03-01;1100155;2,11
2026-03-01;1100189;0,02
2026-03-01;1100205;6,16
2026-03-01;1100254;0,01
2026-03-01;1100288;0,1
2026-03-01;1100304;1,63
2026-03-01;1100320;0,02
2026-03-01;1100338;4,24
2026-03-01;1100346;0,04
2026-03-01;1100379;0,01
2026-03-01;1100403;0,03
2026-03-01;1100452;0,0
2026-03-01;1100601;0,12
2026-03-01;1100700;0,05
2026-03-01;1100809;0,62
2026-03-01;1100908;0,03
2026-03-01;1100924;9,7
2026-03-01;1100940;0,05
2026-03-01;1101005;5,04
2026-03-01;1101104;17,72
2026-03-01;1101203;0,05
2026-03-01;1101302;17,88
2026-03-01;1101401;0,02
2026-03-01;1101435;4,43
2026-03-01;1101450;0,02
2026-03-01;1101468;0,09
2026-03-01;1101476;0,03
2026-03-01;1101484;0,02
2026-03-01;1101492;0,05
2026-03-01;1101500;0,02
2026-03-01;1101559;56,69
2026-03-01;1101609;0,07
2026-03-01;1101708;0,14
2026-03-01;1101757;0,04
2026-03-01;1101807;0,06
2026-03-01;5100102;3,92
2026-03-01;5100201;0,83
2026-03-01;5100250;0,02
2026-03-01;5100300;0,17
2026-03-01;5100359;0,02
2026-03-01;5100409;0,02
2026-03-01;5100508;0,03
2026-03-01;5100607;0,02
2026-03-01;5100805;0,08
2026-03-01;5101001;0,2
2026-03-01;5101209;0,1
2026-03-01;5101258;0,01
2026-03-01;5101407;0,3
2026-03-01;5101605;0,59
2026-03-01;5101704;0,02
2026-03-01;5101803;0,32
2026-03-01;5101852;0,11
2026-03-01;5101902;0,06
2026-03-01;5102504;0,02
2026-03-01;5102603;1,95
2026-03-01;5102637;0,01
2026-03-01;5102678;0,25
2026-03-01;5102694;5,12
2026-03-01;5102702;0,08
2026-03-01;5102793;0,01
2026-03-01;5102850;0,01
2026-03-01;5103007;0,23
2026-03-01;5103056;3,6
2026-03-01;5103106;0,97
2026-03-01;5103205;0,02
2026-03-01;5103254;1,58
2026-03-01;5103304;1,33
2026-03-01;5103353;0,33
2026-03-01;5103361;0,31
2026-03-01;5103379;0,05
2026-03-01;5103403;0,33
2026-03-01;5103437;1,15
2026-03-01;5103502;0,01
2026-03-01;5103700;0,14
2026-03-01;5103809;0,23
2026-03-01;5103858;0,14
2026-03-01;5103908;0,41
2026-03-01;5103957;0,07
2026-03-01;5104104;0,03
2026-03-01;5104203;0,02
2026-03-01;5104500;8,06
2026-03-01;5104526;0,08
2026-03-01;5104542;0,01
2026-03-01;5104559;0,12
2026-03-01;5104609;0,15
2026-03-01;5104807;0,02
2026-03-01;5104906;1,96
2026-03-01;5105002;0,05
2026-03-01;5105101;0,08
2026-03-01;5105150;0,02
2026-03-01;5105176;0,44
2026-03-01;5105200;0,04
2026-03-01;5105234;4,05
2026-03-01;5105259;0,19
2026-03-01;5105309;0,96
2026-03-01;5105507;0,1
2026-03-01;5105580;0,53
2026-03-01;5105606;0,11
2026-03-01;5105622;2,37
2026-03-01;5105903;0,04
2026-03-01;5106109;2,06
2026-03-01;5106158;0,03
2026-03-01;5106174;0,17
2026-03-01;5106182;0,03
2026-03-01;5106190;0,07
2026-03-01;5106208;0,21
2026-03-01;5106216;0,11
2026-03-01;5106224;0,01
2026-03-01;5106240;0,18
2026-03-01;5106257;0,02
2026-03-01;5106273;0,06
2026-03-01;5106281;0,06
2026-03-01;5106299;0,02
2026-03-01;5106307;1,03
2026-03-01;5106315;0,34
2026-03-01;5106372;0,01
2026-03-01;5106422;0,07
2026-03-01;5106455;0,21
2026-03-01;5106505;2,58
2026-03-01;5106653;0,2
2026-03-01;5106752;0,02
2026-03-01;5106778;3,14
2026-03-01;5106802;0,18
2026-03-01;5106828;0,15
2026-03-01;5106851;0,06
2026-03-01;5107008;0,06
2026-03-01;5107040;0,01
2026-03-01;5107065;0,06
2026-03-01;5107107;5,79
2026-03-01;5107180;0,34
2026-03-01;5107198;0,29
2026-03-01;5107206;10,9
2026-03-01;5107248;0,05
2026-03-01;5107305;0,01
2026-03-01;5107354;3,74
2026-03-01;5107578;0,57
2026-03-01;5107602;0,11
2026-03-01;5107701;0,09
2026-03-01;5107743;0,03
2026-03-01;5107750;3,14
2026-03-01;5107768;0,14
2026-03-01;5107776;0,09
2026-03-01;5107792;0,02
2026-03-01;5107800;2,89
2026-03-01;5107859;1,52
2026-03-01;5107875;0,02
2026-03-01;5107883;0,46
2026-03-01;5107909;0,01
2026-03-01;5107925;0,01
2026-03-01;5107941;12,72
2026-03-01;5107958;0,03
2026-03-01;5108006;0,01
2026-03-01;5108055;0,02
2026-03-01;5108105;0,17
2026-03-01;5108204;0,38
2026-03-01;5108303;0,13
2026-03-01;5108352;0,62
2026-03-01;5108402;1,97
2026-03-01;5108501;0,03
2026-03-01;5108600;4,7
2026-03-01;5108907;2,26
2026-03-01;5108956;0,01
2026-02-01;1100015;0,74
2026-02-01;1100023;0,0
2026-02-01;1100049;0,01
2026-02-01;1100098;5,09
2026-02-01;1100106;0,01
2026-02-01;1100114;1,92
2026-02-01;1100122;0,0
2026-02-01;1100189;0,01
2026-02-01;1100205;0,11
2026-02-01;1100288;0,68
2026-02-01;1100304;0,0
2026-02-01;1100320;0,43
2026-02-01;1100346;0,04
2026-02-01;1100924;0,93
2026-02-01;1101005;1,34
2026-02-01;1101302;15,7
2026-02-01;1101435;4,43
2026-02-01;1101708;0,13
2026-02-01;5100102;3,74
2026-02-01;5100250;0,0
2026-02-01;5101803;2,86
2026-02-01;5103056;3,33
2026-02-01;5103254;1,53
2026-02-01;5103304;0,9
2026-02-01;5103353;0,43
2026-02-01;5103403;0,02
2026-02-01;5104526;0,08
2026-02-01;5104542;0,01
2026-02-01;5104559;0,02
2026-02-01;5104906;1,92
2026-02-01;5105002;0,04
2026-02-01;5105101;0,01
2026-02-01;5105150;0,0
2026-02-01;5105259;0,19
2026-02-01;5105580;0,44
2026-02-01;5106257;0,0
2026-02-01;5106273;0,03
2026-02-01;5106307;0,97
2026-02-01;5106505;0,0
2026-02-01;5106778;1,38
2026-02-01;5106802;0,16
2026-02-01;5107040;0,0
2026-02-01;5107198;0,15
2026-02-01;5107248;0,02
2026-02-01;5107602;0,0
2026-02-01;5107859;1,09
2026-02-01;5107909;0,0
2026-02-01;5107925;0,0
2026-02-01;5107941;12,63
2026-02-01;5108204;0,35
2026-02-01;5108303;0,15
2026-02-01;5108402;0,04
2026-02-01;5108600;4,37
2026-02-01;5108956;2,92
2026-01-01;1100015;0,06
2026-01-01;1100114;1,57
2026-01-01;1100346;0,04
2026-01-01;1101005;2,23
2026-01-01;1101302;9,76
2026-01-01;1101435;4,43
2026-01-01;5101803;0,0
2026-01-01;5103254;0,07
2026-01-01;5103304;0,9
2026-01-01;5103353;0,27
2026-01-01;5106257;0,0
2026-01-01;5106307;0,97
2026-01-01;5106505;0,0
2026-01-01;5108204;0,28
2026-01-01;5108600;0,13
2025-12-01;1100205;0,07
2025-12-01;5101407;0,02
2025-12-01;5103254;2,93
2025-12-01;5106307;0,97
2022-12-01;1100015;9,45
2022-12-01;1100023;24,53
2022-12-01;1100031;5,11
2022-12-01;1100049;19,72
2022-12-01;1100056;8,65
2022-12-01;1100064;2,16
2022-12-01;1100072;3,06
2022-12-01;1100080;6,69
2022-12-01;1100098;11,88
2022-12-01;1100106;10,79
2022-12-01;1100114;21,92
2022-12-01;1100122;22,0
2022-12-01;1100130;10,57
2022-12-01;1100148;20,54
2022-12-01;1100155;13,11
2022-12-01;1100189;13,65
2022-12-01;1100205;28,22
2022-12-01;1100254;20,13
2022-12-01;1100262;8,35
2022-12-01;1100288;10,42
2022-12-01;1100296;3,37
2022-12-01;1100304;21,69
2022-12-01;1100320;12,47
2022-12-01;1100338;12,35
2022-12-01;1100346;17,95
2022-12-01;1100379;6,05
2022-12-01;1100403;10,94
2022-12-01;1100452;22,85
2022-12-01;1100502;13,92
2022-12-01;1100601;23,86
2022-12-01;1100700;19,83
2022-12-01;1100809;11,52
2022-12-01;1100908;11,6
2022-12-01;1100924;1,35
2022-12-01;1100940;15,25
2022-12-01;1101005;2,32
2022-12-01;1101104;17,36
2022-12-01;1101203;18,57
2022-12-01;1101302;37,98
2022-12-01;1101401;1,73
2022-12-01;1101435;6,77
2022-12-01;1101450;7,39
2022-12-01;1101468;5,1
2022-12-01;1101476;8,04
2022-12-01;1101484;0,3
2022-12-01;1101492;18,0
2022-12-01;1101500;22,24
2022-12-01;1101559;7,45
2022-12-01;1101609;4,45
2022-12-01;1101708;9,86
2022-12-01;1101757;6,24
2022-12-01;1101807;7,07
2022-12-01;5100102;5,82
2022-12-01;5100201;9,5
2022-12-01;5100250;38,97
2022-12-01;5100300;4,63
2022-12-01;5100359;5,23
2022-12-01;5100409;10,71
2022-12-01;5100508;4,68
2022-12-01;5100607;1,83
2022-12-01;5100805;10,03
2022-12-01;5101001;12,54
2022-12-01;5101209;12,08
2022-12-01;5101258;5,34
2022-12-01;5101308;20,67
2022-12-01;5101407;9,13
2022-12-01;5101605;5,35
2022-12-01;5101704;22,9
2022-12-01;5101803;12,21
2022-12-01;5101852;2,55
2022-12-01;5101902;8,94
2022-12-01;5102504;16,21
2022-12-01;5102603;3,38
2022-12-01;5102637;7,65
2022-12-01;5102678;30,28
2022-12-01;5102686;4,61
2022-12-01;5102694;10,41
2022-12-01;5102702;15,02
2022-12-01;5102793;28,49
2022-12-01;5102850;8,09
2022-12-01;5103007;32,72
2022-12-01;5103056;20,32
2022-12-01;5103106;25,24
2022-12-01;5103205;22,64
2022-12-01;5103254;6,1
2022-12-01;5103304;5,92
2022-12-01;5103353;16,96
2022-12-01;5103361;7,37
2022-12-01;5103379;10,24
2022-12-01;5103403;28,68
2022-12-01;5103437;2,33
2022-12-01;5103452;10,04
2022-12-01;5103502;19,0
2022-12-01;5103601;14,42
2022-12-01;5103700;17,84
2022-12-01;5103809;5,74
2022-12-01;5103858;12,71
2022-12-01;5103908;5,02
2022-12-01;5103957;18,0
2022-12-01;5104104;25,72
2022-12-01;5104203;17,04
2022-12-01;5104500;6,69
2022-12-01;5104526;14,59
2022-12-01;5104542;6,47
2022-12-01;5104559;27,09
2022-12-01;5104609;13,39
2022-12-01;5104807;24,96
2022-12-01;5104906;5,47
2022-12-01;5105002;8,37
2022-12-01;5105101;11,65
2022-12-01;5105150;10,03
2022-12-01;5105176;6,9
2022-12-01;5105200;16,21
2022-12-01;5105234;9,37
2022-12-01;5105259;30,27
2022-12-01;5105309;4,42
2022-12-01;5105507;7,95
2022-12-01;5105580;2,47
2022-12-01;5105606;15,8
2022-12-01;5105622;8,96
2022-12-01;5105903;23,63
2022-12-01;5106000;14,88
2022-12-01;5106109;12,33
2022-12-01;5106158;16,24
2022-12-01;5106174;9,31
2022-12-01;5106182;2,16
2022-12-01;5106190;23,61
2022-12-01;5106208;12,87
2022-12-01;5106216;28,75
2022-12-01;5106224;19,14
2022-12-01;5106232;21,69
2022-12-01;5106240;18,84
2022-12-01;5106257;5,25
2022-12-01;5106265;16,75
2022-12-01;5106273;6,3
2022-12-01;5106281;1,97
2022-12-01;5106299;21,51
2022-12-01;5106307;15,21
2022-12-01;5106315;3,08
2022-12-01;5106372;7,84
2022-12-01;5106422;16,77
2022-12-01;5106455;8,34
2022-12-01;5106505;16,07
2022-12-01;5106653;6,38
2022-12-01;5106703;8,12
2022-12-01;5106752;10,01
2022-12-01;5106778;13,49
2022-12-01;5106802;9,44
2022-12-01;5106828;15,44
2022-12-01;5106851;11,04
2022-12-01;5107008;6,9
2022-12-01;5107040;28,32
2022-12-01;5107065;14,29
2022-12-01;5107107;9,74
2022-12-01;5107156;24,51
2022-12-01;5107180;9,55
2022-12-01;5107198;11,15
2022-12-01;5107206;13,94
2022-12-01;5107248;32,75
2022-12-01;5107263;16,55
2022-12-01;5107297;27,62
2022-12-01;5107305;22,04
2022-12-01;5107354;3,81
2022-12-01;5107404;19,06
2022-12-01;5107578;6,05
2022-12-01;5107602;24,27
2022-12-01;5107701;4,22
2022-12-01;5107743;5,94
2022-12-01;5107750;6,14
2022-12-01;5107768;12,82
2022-12-01;5107776;1,32
2022-12-01;5107792;7,12
2022-12-01;5107800;11,23
2022-12-01;5107859;5,78
2022-12-01;5107875;5,01
2022-12-01;5107883;1,83
2022-12-01;5107909;32,11
2022-12-01;5107925;28,12
2022-12-01;5107941;16,05
2022-12-01;5107958;32,22
2022-12-01;5108006;15,09
2022-12-01;5108055;14,58
2022-12-01;5108105;10,74
2022-12-01;5108204;8,81
2022-12-01;5108303;2,79
2022-12-01;5108352;2,75
2022-12-01;5108402;19,45
2022-12-01;5108501;18,53
2022-12-01;5108600;16,48
2022-12-01;5108808;31,15
2022-12-01;5108857;16,72
2022-12-01;5108907;2,38
2022-12-01;5108956;14,9
2022-11-01;1100015;9,52
2022-11-01;1100023;25,74
2022-11-01;1100031;15,98
2022-11-01;1100049;18,39
2022-11-01;1100056;8,31
2022-11-01;1100064;11,29
2022-11-01;1100072;7,5
2022-11-01;1100080;6,56
2022-11-01;1100098;10,99
2022-11-01;1100106;10,47
2022-11-01;1100114;21,04
2022-11-01;1100122;22,2
2022-11-01;1100130;10,66
2022-11-01;1100148;19,91
2022-11-01;1100155;14,78
2022-11-01;1100189;13,22
2022-11-01;1100205;28,1
2022-11-01;1100254;20,37
2022-11-01;1100262;8,64
2022-11-01;1100288;10,65
2022-11-01;1100296;3,3
2022-11-01;1100304;20,03
2022-11-01;1100320;7,1
2022-11-01;1100338;12,36
2022-11-01;1100346;18,02
2022-11-01;1100379;7,86
2022-11-01;1100403;10,79
2022-11-01;1100452;22,47
2022-11-01;1100502;13,8
2022-11-01;1100601;23,33
2022-11-01;1100700;19,91
2022-11-01;1100809;11,84
2022-11-01;1100908;11,44
2022-11-01;1100924;1,32
2022-11-01;1100940;15,33
2022-11-01;1101005;2,37
2022-11-01;1101104;16,91
2022-11-01;1101203;17,83
2022-11-01;1101302;38,96
2022-11-01;1101401;1,8
2022-11-01;1101435;8,1
2022-11-01;1101450;7,47
2022-11-01;1101468;4,17
2022-11-01;1101476;13,08
2022-11-01;1101484;5,36
2022-11-01;1101492;18,17
2022-11-01;1101500;18,81
2022-11-01;1101559;7,24
2022-11-01;1101609;4,49
2022-11-01;1101708;9,98
2022-11-01;1101757;6,32
2022-11-01;1101807;7,72
2022-11-01;5100102;6,04
2022-11-01;5100201;9,7
2022-11-01;5100250;24,7
2022-11-01;5100300;4,75
2022-11-01;5100359;3,0
2022-11-01;5100409;10,77
2022-11-01;5100508;5,41
2022-11-01;5100607;1,91
2022-11-01;5100805;9,52
2022-11-01;5101001;12,6
2022-11-01;5101209;14,26
2022-11-01;5101258;5,51
2022-11-01;5101308;32,58
2022-11-01;5101407;9,25
2022-11-01;5101605;6,15
2022-11-01;5101704;24,06
2022-11-01;5101803;12,12
2022-11-01;5101852;2,57
2022-11-01;5101902;14,86
2022-11-01;5102504;16,29
2022-11-01;5102603;3,38
2022-11-01;5102637;10,64
2022-11-01;5102678;29,63
2022-11-01;5102686;4,91
2022-11-01;5102694;10,21
2022-11-01;5102702;12,0
2022-11-01;5102793;20,11
2022-11-01;5102850;14,55
2022-11-01;5103007;45,28
2022-11-01;5103056;25,21
2022-11-01;5103106;23,09
2022-11-01;5103205;21,0
2022-11-01;5103254;6,1
2022-11-01;5103304;6,55
2022-11-01;5103353;16,7
2022-11-01;5103361;6,91
2022-11-01;5103379;10,33
2022-11-01;5103403;28,67
2022-11-01;5103437;2,41
2022-11-01;5103452;10,51
2022-11-01;5103502;32,44
2022-11-01;5103601;14,47
2022-11-01;5103700;17,48
2022-11-01;5103809;5,9
2022-11-01;5103858;12,24
2022-11-01;5103908;4,95
2022-11-01;5103957;18,04
2022-11-01;5104104;25,25
2022-11-01;5104203;17,11
2022-11-01;5104500;6,1
2022-11-01;5104526;14,57
2022-11-01;5104542;6,41
2022-11-01;5104559;26,27
2022-11-01;5104609;13,43
2022-11-01;5104807;25,28
2022-11-01;5104906;5,59
2022-11-01;5105002;8,32
2022-11-01;5105101;15,39
2022-11-01;5105150;13,64
2022-11-01;5105176;6,87
2022-11-01;5105200;16,02
2022-11-01;5105234;9,1
2022-11-01;5105259;22,78
2022-11-01;5105309;4,5
2022-11-01;5105507;10,46
2022-11-01;5105580;2,53
2022-11-01;5105606;17,06
2022-11-01;5105622;9,02
2022-11-01;5105903;24,89
2022-11-01;5106000;24,51
2022-11-01;5106109;15,02
2022-11-01;5106158;14,69
2022-11-01;5106174;8,24
2022-11-01;5106182;2,16
2022-11-01;5106190;23,8
2022-11-01;5106208;18,41
2022-11-01;5106216;23,58
2022-11-01;5106224;23,76
2022-11-01;5106232;21,67
2022-11-01;5106240;18,58
2022-11-01;5106257;5,43
2022-11-01;5106265;3,48
2022-11-01;5106273;6,57
2022-11-01;5106281;2,28
2022-11-01;5106299;15,61
2022-11-01;5106307;16,39
2022-11-01;5106315;3,03
2022-11-01;5106372;7,8
2022-11-01;5106422;17,65
2022-11-01;5106455;13,04
2022-11-01;5106505;19,36
2022-11-01;5106653;6,28
2022-11-01;5106703;6,92
2022-11-01;5106752;9,47
2022-11-01;5106778;13,35
2022-11-01;5106802;14,79
2022-11-01;5106828;14,8
2022-11-01;5106851;13,65
2022-11-01;5107008;7,4
2022-11-01;5107040;35,63
2022-11-01;5107065;14,15
2022-11-01;5107107;9,8
2022-11-01;5107156;13,76
2022-11-01;5107180;9,58
2022-11-01;5107198;12,03
2022-11-01;5107206;14,05
2022-11-01;5107248;35,95
2022-11-01;5107263;17,51
2022-11-01;5107297;27,9
2022-11-01;5107305;31,37
2022-11-01;5107354;3,72
2022-11-01;5107404;19,09
2022-11-01;5107578;6,76
2022-11-01;5107602;24,12
2022-11-01;5107701;4,37
2022-11-01;5107743;5,82
2022-11-01;5107750;6,2
2022-11-01;5107768;13,0
2022-11-01;5107776;1,33
2022-11-01;5107792;8,29
2022-11-01;5107800;12,36
2022-11-01;5107859;6,58
2022-11-01;5107875;6,11
2022-11-01;5107883;1,83
2022-11-01;5107909;30,55
2022-11-01;5107925;28,89
2022-11-01;5107941;16,95
2022-11-01;5107958;24,42
2022-11-01;5108006;23,47
2022-11-01;5108055;14,39
2022-11-01;5108105;11,27
2022-11-01;5108204;8,26
2022-11-01;5108303;17,46
2022-11-01;5108352;2,75
2022-11-01;5108402;19,29
2022-11-01;5108501;18,59
2022-11-01;5108600;15,34
2022-11-01;5108808;1,26
2022-11-01;5108857;21,42
2022-11-01;5108907;7,1
2022-11-01;5108956;14,66
2022-10-01;1100015;9,31
2022-10-01;1100023;25,38
2022-10-01;1100031;15,77
2022-10-01;1100049;18,83
2022-10-01;1100056;8,27
2022-10-01;1100064;11,24
2022-10-01;1100072;7,26
2022-10-01;1100080;6,49
2022-10-01;1100098;11,32
2022-10-01;1100106;10,61
2022-10-01;1100114;20,83
2022-10-01;1100122;21,84
2022-10-01;1100130;10,53
2022-10-01;1100148;19,89
2022-10-01;1100155;14,52
2022-10-01;1100189;13,3
2022-10-01;1100205;28,24
2022-10-01;1100254;20,02
2022-10-01;1100262;9,45
2022-10-01;1100288;10,48
2022-10-01;1100296;3,22
2022-10-01;1100304;20,81
2022-10-01;1100320;5,37
2022-10-01;1100338;11,98
2022-10-01;1100346;17,55
2022-10-01;1100379;8,6
2022-10-01;1100403;10,66
2022-10-01;1100452;23,04
2022-10-01;1100502;13,64
2022-10-01;1100601;26,6
2022-10-01;1100700;19,64
2022-10-01;1100809;11,81
2022-10-01;1100908;12,19
2022-10-01;1100924;1,31
2022-10-01;1100940;15,06
2022-10-01;1101005;2,4
2022-10-01;1101104;17,34
2022-10-01;1101203;17,88
2022-10-01;1101302;45,13
2022-10-01;1101401;1,88
2022-10-01;1101435;7,69
2022-10-01;1101450;7,56
2022-10-01;1101468;4,13
2022-10-01;1101476;13,44
2022-10-01;1101484;5,86
2022-10-01;1101492;18,32
2022-10-01;1101500;18,7
2022-10-01;1101559;7,17
2022-10-01;1101609;4,46
2022-10-01;1101708;9,91
2022-10-01;1101757;6,21
2022-10-01;1101807;7,52
2022-10-01;5100102;5,88
2022-10-01;5100201;10,2
2022-10-01;5100250;25,3
2022-10-01;5100300;4,83
2022-10-01;5100359;8,03
2022-10-01;5100409;10,84
2022-10-01;5100508;5,54
2022-10-01;5100607;2,0
2022-10-01;5100805;10,34
2022-10-01;5101001;12,57
2022-10-01;5101209;11,98
2022-10-01;5101258;5,54
2022-10-01;5101308;25,64
2022-10-01;5101407;9,5
2022-10-01;5101605;5,17
2022-10-01;5101704;19,89
2022-10-01;5101803;12,01
2022-10-01;5101852;2,49
2022-10-01;5101902;9,31
2022-10-01;5102504;16,35
2022-10-01;5102603;3,38
2022-10-01;5102637;8,3
2022-10-01;5102678;28,38
2022-10-01;5102686;5,5
2022-10-01;5102694;9,77
2022-10-01;5102702;10,98
2022-10-01;5102793;19,68
2022-10-01;5102850;8,17
2022-10-01;5103007;26,9
2022-10-01;5103056;25,56
2022-10-01;5103106;24,15
2022-10-01;5103205;20,9
2022-10-01;5103254;6,26
2022-10-01;5103304;6,56
2022-10-01;5103353;16,48
2022-10-01;5103361;4,1
2022-10-01;5103379;9,24
2022-10-01;5103403;28,4
2022-10-01;5103437;2,47
2022-10-01;5103452;9,32
2022-10-01;5103502;22,74
2022-10-01;5103601;14,77
2022-10-01;5103700;18,2
2022-10-01;5103809;6,12
2022-10-01;5103858;11,91
2022-10-01;5103908;6,24
2022-10-01;5103957;18,07
2022-10-01;5104104;25,24
2022-10-01;5104203;16,83
2022-10-01;5104500;8,9
2022-10-01;5104526;13,74
2022-10-01;5104542;5,98
2022-10-01;5104559;26,18
2022-10-01;5104609;13,4
2022-10-01;5104807;25,66
2022-10-01;5104906;9,9
2022-10-01;5105002;10,43
2022-10-01;5105101;12,76
2022-10-01;5105150;10,33
2022-10-01;5105176;6,57
2022-10-01;5105200;16,42
2022-10-01;5105234;9,12
2022-10-01;5105259;20,97
2022-10-01;5105309;4,34
2022-10-01;5105507;11,6
2022-10-01;5105580;2,26
2022-10-01;5105606;15,57
2022-10-01;5105622;9,09
2022-10-01;5105903;27,41
2022-10-01;5106000;17,31
2022-10-01;5106109;9,38
2022-10-01;5106158;14,46
2022-10-01;5106174;8,07
2022-10-01;5106182;1,95
2022-10-01;5106190;23,87
2022-10-01;5106208;13,33
2022-10-01;5106216;23,48
2022-10-01;5106224;19,87
2022-10-01;5106232;20,59
2022-10-01;5106240;18,19
2022-10-01;5106257;5,5
2022-10-01;5106265;3,34
2022-10-01;5106273;6,0
2022-10-01;5106281;7,65
2022-10-01;5106299;15,24
2022-10-01;5106307;16,49
2022-10-01;5106315;2,98
2022-10-01;5106372;7,92
2022-10-01;5106422;17,72
2022-10-01;5106455;9,57
2022-10-01;5106505;6,44
2022-10-01;5106653;6,2
2022-10-01;5106703;6,97
2022-10-01;5106752;8,82
2022-10-01;5106778;13,18
2022-10-01;5106802;14,36
2022-10-01;5106828;14,56
2022-10-01;5106851;7,51
2022-10-01;5107008;7,58
2022-10-01;5107040;30,06
2022-10-01;5107065;14,01
2022-10-01;5107107;9,6
2022-10-01;5107156;11,26
2022-10-01;5107180;9,56
2022-10-01;5107198;11,03
2022-10-01;5107206;14,02
2022-10-01;5107248;32,08
2022-10-01;5107263;8,69
2022-10-01;5107297;26,75
2022-10-01;5107305;26,49
2022-10-01;5107354;3,44
2022-10-01;5107404;18,9
2022-10-01;5107578;6,39
2022-10-01;5107602;24,12
2022-10-01;5107701;5,7
2022-10-01;5107743;5,67
2022-10-01;5107750;6,22
2022-10-01;5107768;13,03
2022-10-01;5107776;1,45
2022-10-01;5107792;15,44
2022-10-01;5107800;8,3
2022-10-01;5107859;6,68
2022-10-01;5107875;7,8
2022-10-01;5107883;1,67
2022-10-01;5107909;30,37
2022-10-01;5107925;28,83
2022-10-01;5107941;15,3
2022-10-01;5107958;24,89
2022-10-01;5108006;15,25
2022-10-01;5108055;14,51
2022-10-01;5108105;10,64
2022-10-01;5108204;8,5
2022-10-01;5108303;17,01
2022-10-01;5108352;2,75
2022-10-01;5108402;19,25
2022-10-01;5108501;18,11
2022-10-01;5108600;15,85
2022-10-01;5108808;1,31
2022-10-01;5108857;21,31
2022-10-01;5108907;4,5
2022-10-01;5108956;14,15
2022-09-01;1100015;8,81
2022-09-01;1100023;23,38
2022-09-01;1100031;13,78
2022-09-01;1100049;18,79
2022-09-01;1100056;6,83
2022-09-01;1100064;11,96
2022-09-01;1100072;8,87
2022-09-01;1100080;6,49
2022-09-01;1100098;10,54
2022-09-01;1100106;9,49
2022-09-01;1100114;20,49
2022-09-01;1100122;21,67
2022-09-01;1100130;10,55
2022-09-01;1100148;19,37
2022-09-01;1100155;14,59
2022-09-01;1100189;13,15
2022-09-01;1100205;28,18
2022-09-01;1100254;19,79
2022-09-01;1100262;7,2
2022-09-01;1100288;10,56
2022-09-01;1100296;3,21
2022-09-01;1100304;22,77
2022-09-01;1100320;4,83
2022-09-01;1100338;12,36
2022-09-01;1100346;17,56
2022-09-01;1100379;8,82
2022-09-01;1100403;9,67
2022-09-01;1100452;22,68
2022-09-01;1100502;13,45
2022-09-01;1100601;26,22
2022-09-01;1100700;19,36
2022-09-01;1100809;11,02
2022-09-01;1100908;12,03
2022-09-01;1100924;1,27
2022-09-01;1100940;14,49
2022-09-01;1101005;2,44
2022-09-01;1101104;16,65
2022-09-01;1101203;7,44
2022-09-01;1101302;47,89
2022-09-01;1101401;1,9
2022-09-01;1101435;8,29
2022-09-01;1101450;7,35
2022-09-01;1101468;4,31
2022-09-01;1101476;13,63
2022-09-01;1101484;5,82
2022-09-01;1101492;14,96
2022-09-01;1101500;17,05
2022-09-01;1101559;7,26
2022-09-01;1101609;4,55
2022-09-01;1101708;10,06
2022-09-01;1101757;6,41
2022-09-01;1101807;7,64
2022-09-01;5100102;3,77
2022-09-01;5100201;10,02
2022-09-01;5100250;24,37
2022-09-01;5100300;4,68
2022-09-01;5100359;5,64
2022-09-01;5100409;10,62
2022-09-01;5100508;5,54
2022-09-01;5100607;2,04
2022-09-01;5100805;9,31
2022-09-01;5101001;14,15
2022-09-01;5101209;10,69
2022-09-01;5101258;5,63
2022-09-01;5101308;24,4
2022-09-01;5101407;9,46
2022-09-01;5101605;5,09
2022-09-01;5101704;19,72
2022-09-01;5101803;11,66
2022-09-01;5101852;2,35
2022-09-01;5101902;9,32
2022-09-01;5102504;16,27
2022-09-01;5102603;3,2
2022-09-01;5102637;8,32
2022-09-01;5102678;25,41
2022-09-01;5102686;5,68
2022-09-01;5102694;9,74
2022-09-01;5102702;10,81
2022-09-01;5102793;18,67
2022-09-01;5102850;8,07
2022-09-01;5103007;26,1
2022-09-01;5103056;23,53
2022-09-01;5103106;21,09
2022-09-01;5103205;24,44
2022-09-01;5103254;5,7
2022-09-01;5103304;5,8
2022-09-01;5103353;15,91
2022-09-01;5103361;4,04
2022-09-01;5103379;8,53
2022-09-01;5103403;28,4
2022-09-01;5103437;2,49
2022-09-01;5103452;9,0
2022-09-01;5103502;21,66
2022-09-01;5103601;14,47
2022-09-01;5103700;17,71
2022-09-01;5103809;11,7
2022-09-01;5103858;10,8
2022-09-01;5103908;4,16
2022-09-01;5103957;21,45
2022-09-01;5104104;24,34
2022-09-01;5104203;16,33
2022-09-01;5104500;9,22
2022-09-01;5104526;13,56
2022-09-01;5104542;5,84
2022-09-01;5104559;24,48
2022-09-01;5104609;13,26
2022-09-01;5104807;25,31
2022-09-01;5104906;8,52
2022-09-01;5105002;8,81
2022-09-01;5105101;12,85
2022-09-01;5105150;9,22
2022-09-01;5105176;6,63
2022-09-01;5105200;15,91
2022-09-01;5105234;9,04
2022-09-01;5105259;20,97
2022-09-01;5105309;2,63
2022-09-01;5105507;11,27
2022-09-01;5105580;2,22
2022-09-01;5105606;13,71
2022-09-01;5105622;9,19
2022-09-01;5105903;26,8
2022-09-01;5106000;17,13
2022-09-01;5106109;9,31
2022-09-01;5106158;12,56
2022-09-01;5106174;7,86
2022-09-01;5106182;2,05
2022-09-01;5106190;22,06
2022-09-01;5106208;12,95
2022-09-01;5106216;23,35
2022-09-01;5106224;19,04
2022-09-01;5106232;20,13
2022-09-01;5106240;16,39
2022-09-01;5106257;5,45
2022-09-01;5106265;3,31
2022-09-01;5106273;6,36
2022-09-01;5106281;3,89
2022-09-01;5106299;14,17
2022-09-01;5106307;15,91
2022-09-01;5106315;2,43
2022-09-01;5106372;7,35
2022-09-01;5106422;15,52
2022-09-01;5106455;9,38
2022-09-01;5106505;6,42
2022-09-01;5106653;5,86
2022-09-01;5106703;6,92
2022-09-01;5106752;9,47
2022-09-01;5106778;13,02
2022-09-01;5106802;14,34
2022-09-01;5106828;21,76
2022-09-01;5106851;10,67
2022-09-01;5107008;7,49
2022-09-01;5107040;27,95
2022-09-01;5107065;13,73
2022-09-01;5107107;9,64
2022-09-01;5107156;8,86
2022-09-01;5107180;8,98
2022-09-01;5107198;11,03
2022-09-01;5107206;13,94
2022-09-01;5107248;31,93
2022-09-01;5107263;11,0
2022-09-01;5107297;26,57
2022-09-01;5107305;26,16
2022-09-01;5107354;3,17
2022-09-01;5107404;18,16
2022-09-01;5107578;2,4
2022-09-01;5107602;22,39
2022-09-01;5107701;5,57
2022-09-01;5107743;5,45
2022-09-01;5107750;6,36
2022-09-01;5107768;12,36
2022-09-01;5107776;1,18
2022-09-01;5107792;10,59
2022-09-01;5107800;8,29
2022-09-01;5107859;4,53
2022-09-01;5107875;6,59
2022-09-01;5107883;1,56
2022-09-01;5107909;29,21
2022-09-01;5107925;28,17
2022-09-01;5107941;15,36
2022-09-01;5107958;24,05
2022-09-01;5108006;15,41
2022-09-01;5108055;13,73
2022-09-01;5108105;9,39
2022-09-01;5108204;7,85
2022-09-01;5108303;16,91
2022-09-01;5108352;2,75
2022-09-01;5108402;19,58
2022-09-01;5108501;18,12
2022-09-01;5108600;15,57
2022-09-01;5108808;1,33
2022-09-01;5108857;19,64
2022-09-01;5108907;4,91
2022-09-01;5108956;12,75
2022-08-01;1100015;8,92
2022-08-01;1100023;23,49
2022-08-01;1100031;6,4
2022-08-01;1100049;20,96
2022-08-01;1100056;6,68
2022-08-01;1100064;12,55
2022-08-01;1100072;2,01
2022-08-01;1100080;6,43
2022-08-01;1100098;10,64
2022-08-01;1100106;9,84
2022-08-01;1100114;20,61
2022-08-01;1100122;19,97
2022-08-01;1100130;10,64
2022-08-01;1100148;18,73
2022-08-01;1100155;14,62
2022-08-01;1100189;14,67
2022-08-01;1100205;27,99
2022-08-01;1100254;19,72
2022-08-01;1100262;7,55
2022-08-01;1100288;10,06
2022-08-01;1100296;3,11
2022-08-01;1100304;23,07
2022-08-01;1100320;4,98
2022-08-01;1100338;12,39
2022-08-01;1100346;17,08
2022-08-01;1100379;8,63
2022-08-01;1100403;8,48
2022-08-01;1100452;22,25
2022-08-01;1100502;13,53
2022-08-01;1100601;26,02
2022-08-01;1100700;18,87
2022-08-01;1100809;11,47
2022-08-01;1100908;11,78
2022-08-01;1100924;1,27
2022-08-01;1100940;12,68
2022-08-01;1101005;2,84
2022-08-01;1101104;15,48
2022-08-01;1101203;7,41
2022-08-01;1101302;47,38
2022-08-01;1101401;2,0
2022-08-01;1101435;8,77
2022-08-01;1101450;7,54
2022-08-01;1101468;4,31
2022-08-01;1101476;13,92
2022-08-01;1101484;5,27
2022-08-01;1101492;15,07
2022-08-01;1101500;16,86
2022-08-01;1101559;6,93
2022-08-01;1101609;4,59
2022-08-01;1101708;9,92
2022-08-01;1101757;6,61
2022-08-01;1101807;7,59
2022-08-01;5100102;4,05
2022-08-01;5100201;11,13
2022-08-01;5100250;23,96
2022-08-01;5100300;5,12
2022-08-01;5100359;7,91
2022-08-01;5100409;10,94
2022-08-01;5100508;5,68
2022-08-01;5100607;2,16
2022-08-01;5100805;9,66
2022-08-01;5101001;14,2
2022-08-01;5101209;10,59
2022-08-01;5101258;5,61
2022-08-01;5101308;24,0
2022-08-01;5101407;10,01
2022-08-01;5101605;5,28
2022-08-01;5101704;18,18
2022-08-01;5101803;11,36
2022-08-01;5101852;2,43
2022-08-01;5101902;9,65
2022-08-01;5102504;16,28
2022-08-01;5102603;3,4
2022-08-01;5102637;8,4
2022-08-01;5102678;26,37
2022-08-01;5102686;4,67
2022-08-01;5102694;9,77
2022-08-01;5102702;11,07
2022-08-01;5102793;18,3
2022-08-01;5102850;8,18
2022-08-01;5103007;26,33
2022-08-01;5103056;24,13
2022-08-01;5103106;22,49
2022-08-01;5103205;20,37
2022-08-01;5103254;5,72
2022-08-01;5103304;5,48
2022-08-01;5103353;16,14
2022-08-01;5103361;3,99
2022-08-01;5103379;5,29
2022-08-01;5103403;28,08
2022-08-01;5103437;2,61
2022-08-01;5103452;9,1
2022-08-01;5103502;22,32
2022-08-01;5103601;14,9
2022-08-01;5103700;18,03
2022-08-01;5103809;11,7
2022-08-01;5103858;11,17
2022-08-01;5103908;4,72
2022-08-01;5103957;21,34
2022-08-01;5104104;24,63
2022-08-01;5104203;16,63
2022-08-01;5104500;9,26
2022-08-01;5104526;13,31
2022-08-01;5104542;5,62
2022-08-01;5104559;24,76
2022-08-01;5104609;13,39
2022-08-01;5104807;26,82
2022-08-01;5104906;8,21
2022-08-01;5105002;8,84
2022-08-01;5105101;13,06
2022-08-01;5105150;9,22
2022-08-01;5105176;6,81
2022-08-01;5105200;16,27
2022-08-01;5105234;9,23
2022-08-01;5105259;20,39
2022-08-01;5105309;4,38
2022-08-01;5105507;11,14
2022-08-01;5105580;2,46
2022-08-01;5105606;15,05
2022-08-01;5105622;9,33
2022-08-01;5105903;26,3
2022-08-01;5106000;16,84
2022-08-01;5106109;9,36
2022-08-01;5106158;12,65
2022-08-01;5106174;7,69
2022-08-01;5106182;1,86
2022-08-01;5106190;22,43
2022-08-01;5106208;13,22
2022-08-01;5106216;23,89
2022-08-01;5106224;20,17
2022-08-01;5106232;20,67
2022-08-01;5106240;15,09
2022-08-01;5106257;5,54
2022-08-01;5106265;3,37
2022-08-01;5106273;6,36
2022-08-01;5106281;4,02
2022-08-01;5106299;13,79
2022-08-01;5106307;15,04
2022-08-01;5106315;3,23
2022-08-01;5106372;7,72
2022-08-01;5106422;16,92
2022-08-01;5106455;9,32
2022-08-01;5106505;6,42
2022-08-01;5106653;5,9
2022-08-01;5106703;6,13
2022-08-01;5106752;8,83
2022-08-01;5106778;13,06
2022-08-01;5106802;14,45
2022-08-01;5106828;21,59
2022-08-01;5106851;10,24
2022-08-01;5107008;7,86
2022-08-01;5107040;28,35
2022-08-01;5107065;13,94
2022-08-01;5107107;9,83
2022-08-01;5107156;6,36
2022-08-01;5107180;9,4
2022-08-01;5107198;11,92
2022-08-01;5107206;14,24
2022-08-01;5107248;31,56
2022-08-01;5107263;9,81
2022-08-01;5107297;26,37
2022-08-01;5107305;26,04
2022-08-01;5107354;3,6
2022-08-01;5107404;18,75
2022-08-01;5107578;4,05
2022-08-01;5107602;23,79
2022-08-01;5107701;5,84
2022-08-01;5107743;5,45
2022-08-01;5107750;6,47
2022-08-01;5107768;13,64
2022-08-01;5107776;1,43
2022-08-01;5107792;11,12
2022-08-01;5107800;8,4
2022-08-01;5107859;5,63
2022-08-01;5107875;6,33
2022-08-01;5107883;2,17
2022-08-01;5107909;29,32
2022-08-01;5107925;26,07
2022-08-01;5107941;14,46
2022-08-01;5107958;24,52
2022-08-01;5108006;15,34
2022-08-01;5108055;14,33
2022-08-01;5108105;9,45
2022-08-01;5108204;7,52
2022-08-01;5108303;17,14
2022-08-01;5108352;2,65
2022-08-01;5108402;18,89
2022-08-01;5108501;18,59
2022-08-01;5108600;15,83
2022-08-01;5108808;1,37
2022-08-01;5108857;18,02
2022-08-01;5108907;5,2
2022-08-01;5108956;12,81
2022-07-01;1100015;9,13
2022-07-01;1100023;23,24
2022-07-01;1100031;6,36
2022-07-01;1100049;18,95
2022-07-01;1100056;7,5
2022-07-01;1100064;12,53
2022-07-01;1100072;1,92
2022-07-01;1100080;6,26
2022-07-01;1100098;9,86
2022-07-01;1100106;9,15
2022-07-01;1100114;22,37
2022-07-01;1100122;19,23
2022-07-01;1100130;10,67
2022-07-01;1100148;18,2
2022-07-01;1100155;15,61
2022-07-01;1100189;14,17
2022-07-01;1100205;27,67
2022-07-01;1100254;19,67
2022-07-01;1100262;7,89
2022-07-01;1100288;13,67
2022-07-01;1100296;3,14
2022-07-01;1100304;23,36
2022-07-01;1100320;5,24
2022-07-01;1100338;13,66
2022-07-01;1100346;16,25
2022-07-01;1100379;9,04
2022-07-01;1100403;7,29
2022-07-01;1100452;21,84
2022-07-01;1100502;13,54
2022-07-01;1100601;25,52
2022-07-01;1100700;18,93
2022-07-01;1100809;11,23
2022-07-01;1100908;11,6
2022-07-01;1100924;1,24
2022-07-01;1100940;12,04
2022-07-01;1101005;2,82
2022-07-01;1101104;15,6
2022-07-01;1101203;7,19
2022-07-01;1101302;33,42
2022-07-01;1101401;2,12
2022-07-01;1101435;8,68
2022-07-01;1101450;5,99
2022-07-01;1101468;4,13
2022-07-01;1101476;14,25
2022-07-01;1101484;5,8
2022-07-01;1101492;15,11
2022-07-01;1101500;16,89
2022-07-01;1101559;5,76
2022-07-01;1101609;4,67
2022-07-01;1101708;9,69
2022-07-01;1101757;6,36
2022-07-01;1101807;8,5
2022-07-01;5100102;4,09
2022-07-01;5100201;11,21
2022-07-01;5100250;23,45
2022-07-01;5100300;4,79
2022-07-01;5100359;8,07
2022-07-01;5100409;10,91
2022-07-01;5100508;5,52
2022-07-01;5100607;2,22
2022-07-01;5100805;8,63
2022-07-01;5101001;14,12
2022-07-01;5101209;9,31
2022-07-01;5101258;5,71
2022-07-01;5101308;23,68
2022-07-01;5101407;9,92
2022-07-01;5101605;5,24
2022-07-01;5101704;19,27
2022-07-01;5101803;11,54
2022-07-01;5101852;2,51
2022-07-01;5101902;9,34
2022-07-01;5102504;16,04
2022-07-01;5102603;3,23
2022-07-01;5102637;7,42
2022-07-01;5102678;26,6
2022-07-01;5102686;6,08
2022-07-01;5102694;10,95
2022-07-01;5102702;10,1
2022-07-01;5102793;17,75
2022-07-01;5102850;8,01
2022-07-01;5103007;25,55
2022-07-01;5103056;18,49
2022-07-01;5103106;20,92
2022-07-01;5103205;19,74
2022-07-01;5103254;5,62
2022-07-01;5103304;5,69
2022-07-01;5103353;18,14
2022-07-01;5103361;4,26
2022-07-01;5103379;5,29
2022-07-01;5103403;27,99
2022-07-01;5103437;2,69
2022-07-01;5103452;8,74
2022-07-01;5103502;21,66
2022-07-01;5103601;14,79
2022-07-01;5103700;17,84
2022-07-01;5103809;11,55
2022-07-01;5103858;11,09
2022-07-01;5103908;4,22
2022-07-01;5103957;19,55
2022-07-01;5104104;21,73
2022-07-01;5104203;16,37
2022-07-01;5104500;9,94
2022-07-01;5104526;8,69
2022-07-01;5104542;5,53
2022-07-01;5104559;24,2
2022-07-01;5104609;10,44
2022-07-01;5104807;27,23
2022-07-01;5104906;7,61
2022-07-01;5105002;8,99
2022-07-01;5105101;14,98
2022-07-01;5105150;9,01
2022-07-01;5105176;7,0
2022-07-01;5105200;16,2
2022-07-01;5105234;9,0
2022-07-01;5105259;20,0
2022-07-01;5105309;2,71
2022-07-01;5105507;11,07
2022-07-01;5105580;2,18
2022-07-01;5105606;14,87
2022-07-01;5105622;9,74
2022-07-01;5105903;26,54
2022-07-01;5106000;16,66
2022-07-01;5106109;9,54
2022-07-01;5106158;11,96
2022-07-01;5106174;7,62
2022-07-01;5106182;1,89
2022-07-01;5106190;21,7
2022-07-01;5106208;12,89
2022-07-01;5106216;22,77
2022-07-01;5106224;20,55
2022-07-01;5106232;19,25
2022-07-01;5106240;13,88
2022-07-01;5106257;5,56
2022-07-01;5106265;3,07
2022-07-01;5106273;7,79
2022-07-01;5106281;4,7
2022-07-01;5106299;13,07
2022-07-01;5106307;13,77
2022-07-01;5106315;2,73
2022-07-01;5106372;7,84
2022-07-01;5106422;17,15
2022-07-01;5106455;8,84
2022-07-01;5106505;6,51
2022-07-01;5106653;5,94
2022-07-01;5106703;5,98
2022-07-01;5106752;9,33
2022-07-01;5106778;14,59
2022-07-01;5106802;5,72
2022-07-01;5106828;17,73
2022-07-01;5106851;10,3
2022-07-01;5107008;8,19
2022-07-01;5107040;28,1
2022-07-01;5107065;12,97
2022-07-01;5107107;9,88
2022-07-01;5107156;6,41
2022-07-01;5107180;8,15
2022-07-01;5107198;12,23
2022-07-01;5107206;14,33
2022-07-01;5107248;29,46
2022-07-01;5107263;9,25
2022-07-01;5107297;26,09
2022-07-01;5107305;25,31
2022-07-01;5107354;3,22
2022-07-01;5107404;18,47
2022-07-01;5107578;4,42
2022-07-01;5107602;23,77
2022-07-01;5107701;5,6
2022-07-01;5107743;4,89
2022-07-01;5107750;6,5
2022-07-01;5107768;13,55
2022-07-01;5107776;1,34
2022-07-01;5107792;11,25
2022-07-01;5107800;8,26
2022-07-01;5107859;6,54
2022-07-01;5107875;7,66
2022-07-01;5107883;2,44
2022-07-01;5107909;29,19
2022-07-01;5107925;24,51
2022-07-01;5107941;14,24
2022-07-01;5107958;29,79
2022-07-01;5108006;15,44
2022-07-01;5108055;14,1
2022-07-01;5108105;8,07
2022-07-01;5108204;7,11
2022-07-01;5108303;17,25
2022-07-01;5108352;2,69
2022-07-01;5108402;19,02
2022-07-01;5108501;18,84
2022-07-01;5108600;15,89
2022-07-01;5108808;1,39
2022-07-01;5108857;18,33
2022-07-01;5108907;4,81
2022-07-01;5108956;10,6
2022-06-01;1100015;8,5
2022-06-01;1100023;22,23
2022-06-01;1100031;6,91
2022-06-01;1100049;20,34
2022-06-01;1100056;7,46
2022-06-01;1100064;12,32
2022-06-01;1100072;1,55
2022-06-01;1100080;4,07
2022-06-01;1100098;9,03
2022-06-01;1100106;7,64
2022-06-01;1100114;21,91
2022-06-01;1100122;18,17
2022-06-01;1100130;7,82
2022-06-01;1100148;13,94
2022-06-01;1100155;15,38
2022-06-01;1100189;13,63
2022-06-01;1100205;23,14
2022-06-01;1100254;20,78
2022-06-01;1100262;7,34
2022-06-01;1100288;13,93
2022-06-01;1100296;3,92
2022-06-01;1100304;22,36
2022-06-01;1100320;3,1
2022-06-01;1100338;8,69
2022-06-01;1100346;14,81
2022-06-01;1100379;7,83
2022-06-01;1100403;5,58
2022-06-01;1100452;11,35
2022-06-01;1100502;12,31
2022-06-01;1100601;15,89
2022-06-01;1100700;11,52
2022-06-01;1100809;8,91
2022-06-01;1100908;12,04
2022-06-01;1100924;1,07
2022-06-01;1100940;6,64
2022-06-01;1101005;3,18
2022-06-01;1101104;12,12
2022-06-01;1101203;1,31
2022-06-01;1101302;27,21
2022-06-01;1101401;1,58
2022-06-01;1101435;7,7
2022-06-01;1101450;4,27
2022-06-01;1101468;4,75
2022-06-01;1101476;16,17
2022-06-01;1101484;5,7
2022-06-01;1101492;11,47
2022-06-01;1101500;11,92
2022-06-01;1101559;6,01
2022-06-01;1101609;3,69
2022-06-01;1101708;9,18
2022-06-01;1101757;4,42
2022-06-01;1101807;8,29
2022-06-01;5100102;4,03
2022-06-01;5100201;9,27
2022-06-01;5100250;26,29
2022-06-01;5100300;4,59
2022-06-01;5100359;6,22
2022-06-01;5100409;16,37
2022-06-01;5100508;3,92
2022-06-01;5100607;2,24
2022-06-01;5100805;7,16
2022-06-01;5101001;17,56
2022-06-01;5101209;11,22
2022-06-01;5101258;4,84
2022-06-01;5101308;26,74
2022-06-01;5101407;11,05
2022-06-01;5101605;4,76
2022-06-01;5101704;16,06
2022-06-01;5101803;12,68
2022-06-01;5101852;2,74
2022-06-01;5101902;8,11
2022-06-01;5102504;15,05
2022-06-01;5102603;3,22
2022-06-01;5102637;9,25
2022-06-01;5102678;26,64
2022-06-01;5102686;7,72
2022-06-01;5102694;10,59
2022-06-01;5102702;12,51
2022-06-01;5102793;16,47
2022-06-01;5102850;7,04
2022-06-01;5103007;21,7
2022-06-01;5103056;18,32
2022-06-01;5103106;21,85
2022-06-01;5103205;18,43
2022-06-01;5103254;3,49
2022-06-01;5103304;4,51
2022-06-01;5103353;21,27
2022-06-01;5103361;3,89
2022-06-01;5103379;2,72
2022-06-01;5103403;29,15
2022-06-01;5103437;2,58
2022-06-01;5103452;6,59
2022-06-01;5103502;21,37
2022-06-01;5103601;24,0
2022-06-01;5103700;12,42
2022-06-01;5103809;11,11
2022-06-01;5103858;11,77
2022-06-01;5103908;4,86
2022-06-01;5103957;19,26
2022-06-01;5104104;15,54
2022-06-01;5104203;14,77
2022-06-01;5104500;7,63
2022-06-01;5104526;7,71
2022-06-01;5104542;6,09
2022-06-01;5104559;34,61
2022-06-01;5104609;15,95
2022-06-01;5104807;41,92
2022-06-01;5104906;6,88
2022-06-01;5105002;9,22
2022-06-01;5105101;13,25
2022-06-01;5105150;9,95
2022-06-01;5105176;4,34
2022-06-01;5105200;26,24
2022-06-01;5105234;6,82
2022-06-01;5105259;23,74
2022-06-01;5105309;5,01
2022-06-01;5105507;11,51
2022-06-01;5105580;2,38
2022-06-01;5105606;18,99
2022-06-01;5105622;8,82
2022-06-01;5105903;26,7
2022-06-01;5106000;16,99
2022-06-01;5106109;10,22
2022-06-01;5106158;9,96
2022-06-01;5106174;7,68
2022-06-01;5106182;1,94
2022-06-01;5106190;25,62
2022-06-01;5106208;14,09
2022-06-01;5106216;21,59
2022-06-01;5106224;23,0
2022-06-01;5106232;15,45
2022-06-01;5106240;13,06
2022-06-01;5106257;6,27
2022-06-01;5106265;2,33
2022-06-01;5106273;5,26
2022-06-01;5106281;6,53
2022-06-01;5106299;13,09
2022-06-01;5106307;17,55
2022-06-01;5106315;2,46
2022-06-01;5106372;15,09
2022-06-01;5106422;16,21
2022-06-01;5106455;10,85
2022-06-01;5106505;6,36
2022-06-01;5106653;5,98
2022-06-01;5106703;8,0
2022-06-01;5106752;10,16
2022-06-01;5106778;15,89
2022-06-01;5106802;4,92
2022-06-01;5106828;15,24
2022-06-01;5106851;12,06
2022-06-01;5107008;12,17
2022-06-01;5107040;69,02
2022-06-01;5107065;19,0
2022-06-01;5107107;9,21
2022-06-01;5107156;5,01
2022-06-01;5107180;8,16
2022-06-01;5107198;12,18
2022-06-01;5107206;11,75
2022-06-01;5107248;34,15
2022-06-01;5107263;7,33
2022-06-01;5107297;17,6
2022-06-01;5107305;17,83
2022-06-01;5107354;3,56
2022-06-01;5107404;19,26
2022-06-01;5107578;6,24
2022-06-01;5107602;29,08
2022-06-01;5107701;5,4
2022-06-01;5107743;4,74
2022-06-01;5107750;6,54
2022-06-01;5107768;12,8
2022-06-01;5107776;1,31
2022-06-01;5107792;8,48
2022-06-01;5107800;7,32
2022-06-01;5107859;7,16
2022-06-01;5107875;6,58
2022-06-01;5107883;2,64
2022-06-01;5107909;38,44
2022-06-01;5107925;24,96
2022-06-01;5107941;18,01
2022-06-01;5107958;32,81
2022-06-01;5108006;15,49
2022-06-01;5108055;16,09
2022-06-01;5108105;7,55
2022-06-01;5108204;8,23
2022-06-01;5108303;8,31
2022-06-01;5108352;2,5
2022-06-01;5108402;18,13
2022-06-01;5108501;20,94
2022-06-01;5108600;11,35
2022-06-01;5108808;1,47
2022-06-01;5108857;19,48
2022-06-01;5108907;3,37
2022-06-01;5108956;9,46
2022-05-01;1100015;8,14
2022-05-01;1100023;24,74
2022-05-01;1100031;0,97
2022-05-01;1100049;19,54
2022-05-01;1100056;6,99
2022-05-01;1100064;10,92
2022-05-01;1100072;1,32
2022-05-01;1100080;3,94
2022-05-01;1100098;7,7
2022-05-01;1100106;7,55
2022-05-01;1100114;21,94
2022-05-01;1100122;17,95
2022-05-01;1100130;7,78
2022-05-01;1100148;13,72
2022-05-01;1100155;14,66
2022-05-01;1100189;12,67
2022-05-01;1100205;22,32
2022-05-01;1100254;20,63
2022-05-01;1100262;7,42
2022-05-01;1100288;13,53
2022-05-01;1100296;3,89
2022-05-01;1100304;20,21
2022-05-01;1100320;2,9
2022-05-01;1100338;7,44
2022-05-01;1100346;14,33
2022-05-01;1100379;7,08
2022-05-01;1100403;4,59
2022-05-01;1100452;10,22
2022-05-01;1100502;12,31
2022-05-01;1100601;11,75
2022-05-01;1100700;1,19
2022-05-01;1100809;9,23
2022-05-01;1100908;11,94
2022-05-01;1100924;1,1
2022-05-01;1100940;6,77
2022-05-01;1101005;3,28
2022-05-01;1101104;12,11
2022-05-01;1101203;1,31
2022-05-01;1101302;24,23
2022-05-01;1101401;1,63
2022-05-01;1101435;7,7
2022-05-01;1101450;1,55
2022-05-01;1101468;4,42
2022-05-01;1101476;14,53
2022-05-01;1101484;4,59
2022-05-01;1101492;11,35
2022-05-01;1101500;11,74
2022-05-01;1101559;5,89
2022-05-01;1101609;3,68
2022-05-01;1101708;8,93
2022-05-01;1101757;4,3
2022-05-01;1101807;8,24
2022-05-01;5100102;4,09
2022-05-01;5100201;7,16
2022-05-01;5100250;25,8
2022-05-01;5100300;3,53
2022-05-01;5100359;4,88
2022-05-01;5100409;9,66
2022-05-01;5100508;4,11
2022-05-01;5100607;2,41
2022-05-01;5100805;6,62
2022-05-01;5101001;16,45
2022-05-01;5101209;9,57
2022-05-01;5101258;4,91
2022-05-01;5101308;26,83
2022-05-01;5101407;11,29
2022-05-01;5101605;4,75
2022-05-01;5101704;16,75
2022-05-01;5101803;13,03
2022-05-01;5101852;2,72
2022-05-01;5101902;8,06
2022-05-01;5102504;15,06
2022-05-01;5102603;3,25
2022-05-01;5102637;8,68
2022-05-01;5102678;3,1
2022-05-01;5102686;7,03
2022-05-01;5102694;10,72
2022-05-01;5102702;11,63
2022-05-01;5102793;15,76
2022-05-01;5102850;7,11
2022-05-01;5103007;16,47
2022-05-01;5103056;14,17
2022-05-01;5103106;21,05
2022-05-01;5103205;18,79
2022-05-01;5103254;3,45
2022-05-01;5103304;4,82
2022-05-01;5103353;21,2
2022-05-01;5103361;3,87
2022-05-01;5103379;2,54
2022-05-01;5103403;27,71
2022-05-01;5103437;2,64
2022-05-01;5103452;6,59
2022-05-01;5103502;21,23
2022-05-01;5103601;11,35
2022-05-01;5103700;12,5
2022-05-01;5103809;10,99
2022-05-01;5103858;12,47
2022-05-01;5103908;4,87
2022-05-01;5103957;19,16
2022-05-01;5104104;15,34
2022-05-01;5104203;5,24
2022-05-01;5104500;6,27
2022-05-01;5104526;8,56
2022-05-01;5104542;6,02
2022-05-01;5104559;34,25
2022-05-01;5104609;8,12
2022-05-01;5104807;14,09
2022-05-01;5104906;6,84
2022-05-01;5105002;9,2
2022-05-01;5105101;15,08
2022-05-01;5105150;10,83
2022-05-01;5105176;4,48
2022-05-01;5105200;11,08
2022-05-01;5105234;6,47
2022-05-01;5105259;23,16
2022-05-01;5105309;4,76
2022-05-01;5105507;11,52
2022-05-01;5105580;2,38
2022-05-01;5105606;18,25
2022-05-01;5105622;9,08
2022-05-01;5105903;7,76
2022-05-01;5106000;16,78
2022-05-01;5106109;9,21
2022-05-01;5106158;9,31
2022-05-01;5106174;7,77
2022-05-01;5106182;1,91
2022-05-01;5106190;25,22
2022-05-01;5106208;14,03
2022-05-01;5106216;21,61
2022-05-01;5106224;22,98
2022-05-01;5106232;14,34
2022-05-01;5106240;13,06
2022-05-01;5106257;6,39
2022-05-01;5106265;2,18
2022-05-01;5106273;6,27
2022-05-01;5106281;4,24
2022-05-01;5106299;12,1
2022-05-01;5106307;17,12
2022-05-01;5106315;2,46
2022-05-01;5106372;8,0
2022-05-01;5106422;15,51
2022-05-01;5106455;10,92
2022-05-01;5106505;6,07
2022-05-01;5106653;5,95
2022-05-01;5106703;8,07
2022-05-01;5106752;10,15
2022-05-01;5106778;15,78
2022-05-01;5106802;15,81
2022-05-01;5106828;15,39
2022-05-01;5106851;12,28
2022-05-01;5107008;11,94
2022-05-01;5107040;58,29
2022-05-01;5107065;19,05
2022-05-01;5107107;9,34
2022-05-01;5107156;4,97
2022-05-01;5107180;8,13
2022-05-01;5107198;13,69
2022-05-01;5107206;11,91
2022-05-01;5107248;35,65
2022-05-01;5107263;7,36
2022-05-01;5107297;2,46
2022-05-01;5107305;20,64
2022-05-01;5107354;3,68
2022-05-01;5107404;1,49
2022-05-01;5107578;4,4
2022-05-01;5107602;23,76
2022-05-01;5107701;5,45
2022-05-01;5107743;4,63
2022-05-01;5107750;6,6
2022-05-01;5107768;13,13
2022-05-01;5107776;1,32
2022-05-01;5107792;8,65
2022-05-01;5107800;7,35
2022-05-01;5107859;8,4
2022-05-01;5107875;5,27
2022-05-01;5107883;2,64
2022-05-01;5107909;38,23
2022-05-01;5107925;23,47
2022-05-01;5107941;15,86
2022-05-01;5107958;41,36
2022-05-01;5108006;15,51
2022-05-01;5108055;16,23
2022-05-01;5108105;7,63
2022-05-01;5108204;8,03
2022-05-01;5108303;3,97
2022-05-01;5108352;2,5
2022-05-01;5108402;13,98
2022-05-01;5108501;14,73
2022-05-01;5108600;11,23
2022-05-01;5108808;1,54
2022-05-01;5108857;21,94
2022-05-01;5108907;3,33
2022-05-01;5108956;8,9
2022-04-01;1100015;8,1
2022-04-01;1100023;18,56
2022-04-01;1100031;1,01
2022-04-01;1100049;19,88
2022-04-01;1100056;6,84
2022-04-01;1100064;10,07
2022-04-01;1100072;1,5
2022-04-01;1100080;3,69
2022-04-01;1100098;9,19
2022-04-01;1100106;7,59
2022-04-01;1100114;21,39
2022-04-01;1100122;18,12
2022-04-01;1100130;7,78
2022-04-01;1100148;13,78
2022-04-01;1100155;14,42
2022-04-01;1100189;14,35
2022-04-01;1100205;22,94
2022-04-01;1100254;20,76
2022-04-01;1100262;7,88
2022-04-01;1100288;13,54
2022-04-01;1100296;3,89
2022-04-01;1100304;19,83
2022-04-01;1100320;3,14
2022-04-01;1100338;7,14
2022-04-01;1100346;12,0
2022-04-01;1100379;5,74
2022-04-01;1100403;4,74
2022-04-01;1100452;10,86
2022-04-01;1100502;12,26
2022-04-01;1100601;8,58
2022-04-01;1100700;10,91
2022-04-01;1100809;9,28
2022-04-01;1100908;11,94
2022-04-01;1100924;1,08
2022-04-01;1100940;7,37
2022-04-01;1101005;3,18
2022-04-01;1101104;12,16
2022-04-01;1101203;6,64
2022-04-01;1101302;23,61
2022-04-01;1101401;1,69
2022-04-01;1101435;7,81
2022-04-01;1101450;2,56
2022-04-01;1101468;4,65
2022-04-01;1101476;15,94
2022-04-01;1101484;5,74
2022-04-01;1101492;9,57
2022-04-01;1101500;10,49
2022-04-01;1101559;5,82
2022-04-01;1101609;3,72
2022-04-01;1101708;8,99
2022-04-01;1101757;4,37
2022-04-01;1101807;8,63
2022-04-01;5100102;4,13
2022-04-01;5100201;9,32
2022-04-01;5100250;25,47
2022-04-01;5100300;3,36
2022-04-01;5100359;4,7
2022-04-01;5100409;8,63
2022-04-01;5100508;3,8
2022-04-01;5100607;2,52
2022-04-01;5100805;6,06
2022-04-01;5101001;17,1
2022-04-01;5101209;9,9
2022-04-01;5101258;5,14
2022-04-01;5101308;26,24
2022-04-01;5101407;11,07
2022-04-01;5101605;4,62
2022-04-01;5101704;15,87
2022-04-01;5101803;12,54
2022-04-01;5101852;2,24
2022-04-01;5101902;7,96
2022-04-01;5102504;14,97
2022-04-01;5102603;3,17
2022-04-01;5102637;9,97
2022-04-01;5102678;3,12
2022-04-01;5102686;7,22
2022-04-01;5102694;1,04
2022-04-01;5102702;11,79
2022-04-01;5102793;15,26
2022-04-01;5102850;7,11
2022-04-01;5103007;16,3
2022-04-01;5103056;18,01
2022-04-01;5103106;18,91
2022-04-01;5103205;18,45
2022-04-01;5103254;3,49
2022-04-01;5103304;4,52
2022-04-01;5103353;26,03
2022-04-01;5103361;5,36
2022-04-01;5103379;2,49
2022-04-01;5103403;29,04
2022-04-01;5103437;2,66
2022-04-01;5103452;6,56
2022-04-01;5103502;20,92
2022-04-01;5103601;9,72
2022-04-01;5103700;12,75
2022-04-01;5103809;11,14
2022-04-01;5103858;11,46
2022-04-01;5103908;3,86
2022-04-01;5103957;18,66
2022-04-01;5104104;15,33
2022-04-01;5104203;4,47
2022-04-01;5104500;8,27
2022-04-01;5104526;11,95
2022-04-01;5104542;5,97
2022-04-01;5104559;33,42
2022-04-01;5104609;6,01
2022-04-01;5104807;11,31
2022-04-01;5104906;6,57
2022-04-01;5105002;9,1
2022-04-01;5105101;13,04
2022-04-01;5105150;10,49
2022-04-01;5105176;4,59
2022-04-01;5105200;9,77
2022-04-01;5105234;6,4
2022-04-01;5105259;22,58
2022-04-01;5105309;3,34
2022-04-01;5105507;11,35
2022-04-01;5105580;3,03
2022-04-01;5105606;19,05
2022-04-01;5105622;8,72
2022-04-01;5105903;27,18
2022-04-01;5106000;16,59
2022-04-01;5106109;9,13
2022-04-01;5106158;8,85
2022-04-01;5106174;7,65
2022-04-01;5106182;3,18
2022-04-01;5106190;24,63
2022-04-01;5106208;13,79
2022-04-01;5106216;11,56
2022-04-01;5106224;22,22
2022-04-01;5106232;13,47
2022-04-01;5106240;13,64
2022-04-01;5106257;6,47
2022-04-01;5106265;2,04
2022-04-01;5106273;5,41
2022-04-01;5106281;3,97
2022-04-01;5106299;11,48
2022-04-01;5106307;15,11
2022-04-01;5106315;2,09
2022-04-01;5106372;5,59
2022-04-01;5106422;15,4
2022-04-01;5106455;10,58
2022-04-01;5106505;6,08
2022-04-01;5106653;5,85
2022-04-01;5106703;6,62
2022-04-01;5106752;10,3
2022-04-01;5106778;1,39
2022-04-01;5106802;12,29
2022-04-01;5106828;13,82
2022-04-01;5106851;12,03
2022-04-01;5107008;11,84
2022-04-01;5107040;49,74
2022-04-01;5107065;11,58
2022-04-01;5107107;8,96
2022-04-01;5107156;4,94
2022-04-01;5107180;7,96
2022-04-01;5107198;13,08
2022-04-01;5107206;10,26
2022-04-01;5107248;36,3
2022-04-01;5107263;6,89
2022-04-01;5107297;18,06
2022-04-01;5107305;17,45
2022-04-01;5107354;3,22
2022-04-01;5107404;1,51
2022-04-01;5107578;3,86
2022-04-01;5107602;23,11
2022-04-01;5107701;5,24
2022-04-01;5107743;3,85
2022-04-01;5107750;6,91
2022-04-01;5107768;12,35
2022-04-01;5107776;1,08
2022-04-01;5107792;8,66
2022-04-01;5107800;7,37
2022-04-01;5107859;5,09
2022-04-01;5107875;6,7
2022-04-01;5107883;2,58
2022-04-01;5107909;38,36
2022-04-01;5107925;25,52
2022-04-01;5107941;17,39
2022-04-01;5107958;40,66
2022-04-01;5108006;15,42
2022-04-01;5108055;16,19
2022-04-01;5108105;6,27
2022-04-01;5108204;8,12
2022-04-01;5108303;6,14
2022-04-01;5108352;2,5
2022-04-01;5108402;16,18
2022-04-01;5108501;16,06
2022-04-01;5108600;10,13
2022-04-01;5108808;1,61
2022-04-01;5108857;19,03
2022-04-01;5108907;3,24
2022-04-01;5108956;8,48
2022-03-01;1100015;8,02
2022-03-01;1100023;19,0
2022-03-01;1100031;1,03
2022-03-01;1100049;18,3
2022-03-01;1100056;6,97
2022-03-01;1100064;10,15
2022-03-01;1100072;1,72
2022-03-01;1100080;3,55
2022-03-01;1100098;8,96
2022-03-01;1100106;7,86
2022-03-01;1100114;21,49
2022-03-01;1100122;17,24
2022-03-01;1100130;7,86
2022-03-01;1100148;13,83
2022-03-01;1100155;13,94
2022-03-01;1100189;11,85
2022-03-01;1100205;22,94
2022-03-01;1100254;20,6
2022-03-01;1100262;8,53
2022-03-01;1100288;13,27
2022-03-01;1100296;3,79
2022-03-01;1100304;16,98
2022-03-01;1100320;3,27
2022-03-01;1100338;8,56
2022-03-01;1100346;11,32
2022-03-01;1100379;8,74
2022-03-01;1100403;4,49
2022-03-01;1100452;10,89
2022-03-01;1100502;12,01
2022-03-01;1100601;8,63
2022-03-01;1100700;10,97
2022-03-01;1100809;9,86
2022-03-01;1100908;11,91
2022-03-01;1100924;1,14
2022-03-01;1100940;6,94
2022-03-01;1101005;3,18
2022-03-01;1101104;12,28
2022-03-01;1101203;6,39
2022-03-01;1101302;26,64
2022-03-01;1101401;1,74
2022-03-01;1101435;7,75
2022-03-01;1101450;2,33
2022-03-01;1101468;5,41
2022-03-01;1101476;13,76
2022-03-01;1101484;5,34
2022-03-01;1101492;9,56
2022-03-01;1101500;10,44
2022-03-01;1101559;5,79
2022-03-01;1101609;3,77
2022-03-01;1101708;8,6
2022-03-01;1101757;4,55
2022-03-01;1101807;8,64
2022-03-01;5100102;4,28
2022-03-01;5100201;7,55
2022-03-01;5100250;25,24
2022-03-01;5100300;3,72
2022-03-01;5100359;6,16
2022-03-01;5100409;8,03
2022-03-01;5100508;3,98
2022-03-01;5100607;2,53
2022-03-01;5100805;6,36
2022-03-01;5101001;17,75
2022-03-01;5101209;8,36
2022-03-01;5101258;5,46
2022-03-01;5101308;26,42
2022-03-01;5101407;11,21
2022-03-01;5101605;4,81
2022-03-01;5101704;16,4
2022-03-01;5101803;12,85
2022-03-01;5101852;2,28
2022-03-01;5101902;8,32
2022-03-01;5102504;14,85
2022-03-01;5102603;3,32
2022-03-01;5102637;10,0
2022-03-01;5102678;3,16
2022-03-01;5102686;5,31
2022-03-01;5102694;0,89
2022-03-01;5102702;10,73
2022-03-01;5102793;15,07
2022-03-01;5102850;7,12
2022-03-01;5103007;16,78
2022-03-01;5103056;16,15
2022-03-01;5103106;20,17
2022-03-01;5103205;18,13
2022-03-01;5103254;2,48
2022-03-01;5103304;4,61
2022-03-01;5103353;14,89
2022-03-01;5103361;6,25
2022-03-01;5103379;2,63
2022-03-01;5103403;28,98
2022-03-01;5103437;2,7
2022-03-01;5103452;6,45
2022-03-01;5103502;20,99
2022-03-01;5103601;10,18
2022-03-01;5103700;11,4
2022-03-01;5103809;13,05
2022-03-01;5103858;10,68
2022-03-01;5103908;4,19
2022-03-01;5103957;18,09
2022-03-01;5104104;15,24
2022-03-01;5104203;5,02
2022-03-01;5104500;8,09
2022-03-01;5104526;11,61
2022-03-01;5104542;6,07
2022-03-01;5104559;32,25
2022-03-01;5104609;5,54
2022-03-01;5104807;9,79
2022-03-01;5104906;6,48
2022-03-01;5105002;9,28
2022-03-01;5105101;15,47
2022-03-01;5105150;10,56
2022-03-01;5105176;4,29
2022-03-01;5105200;9,15
2022-03-01;5105234;6,28
2022-03-01;5105259;21,8
2022-03-01;5105309;4,67
2022-03-01;5105507;8,2
2022-03-01;5105580;3,52
2022-03-01;5105606;20,27
2022-03-01;5105622;9,0
2022-03-01;5105903;25,85
2022-03-01;5106000;16,35
2022-03-01;5106109;9,3
2022-03-01;5106158;8,65
2022-03-01;5106174;5,16
2022-03-01;5106182;3,53
2022-03-01;5106190;24,07
2022-03-01;5106208;14,74
2022-03-01;5106216;20,6
2022-03-01;5106224;21,79
2022-03-01;5106232;13,05
2022-03-01;5106240;15,3
2022-03-01;5106257;6,64
2022-03-01;5106265;2,22
2022-03-01;5106273;7,05
2022-03-01;5106281;4,01
2022-03-01;5106299;11,6
2022-03-01;5106307;15,0
2022-03-01;5106315;2,42
2022-03-01;5106372;5,55
2022-03-01;5106422;15,75
2022-03-01;5106455;11,22
2022-03-01;5106505;6,16
2022-03-01;5106653;5,81
2022-03-01;5106703;4,0
2022-03-01;5106752;10,24
2022-03-01;5106778;1,42
2022-03-01;5106802;13,9
2022-03-01;5106828;13,09
2022-03-01;5106851;11,52
2022-03-01;5107008;11,69
2022-03-01;5107040;57,87
2022-03-01;5107065;11,82
2022-03-01;5107107;13,57
2022-03-01;5107156;4,94
2022-03-01;5107180;8,26
2022-03-01;5107198;12,05
2022-03-01;5107206;10,03
2022-03-01;5107248;34,35
2022-03-01;5107263;8,15
2022-03-01;5107297;15,55
2022-03-01;5107305;17,47
2022-03-01;5107354;3,38
2022-03-01;5107404;1,45
2022-03-01;5107578;4,42
2022-03-01;5107602;23,28
2022-03-01;5107701;5,45
2022-03-01;5107743;3,48
2022-03-01;5107750;7,19
2022-03-01;5107768;12,63
2022-03-01;5107776;1,1
2022-03-01;5107792;6,14
2022-03-01;5107800;7,43
2022-03-01;5107859;5,87
2022-03-01;5107875;5,64
2022-03-01;5107883;2,7
2022-03-01;5107909;37,7
2022-03-01;5107925;25,32
2022-03-01;5107941;18,22
2022-03-01;5107958;37,32
2022-03-01;5108006;15,47
2022-03-01;5108055;15,86
2022-03-01;5108105;7,44
2022-03-01;5108204;8,83
2022-03-01;5108303;6,25
2022-03-01;5108352;2,5
2022-03-01;5108402;15,97
2022-03-01;5108501;14,88
2022-03-01;5108600;8,81
2022-03-01;5108808;1,61
2022-03-01;5108857;18,7
2022-03-01;5108907;3,35
2022-03-01;5108956;8,57
2022-02-01;1100015;7,89
2022-02-01;1100023;18,1
2022-02-01;1100031;1,05
2022-02-01;1100049;16,37
2022-02-01;1100056;6,85
2022-02-01;1100064;10,18
2022-02-01;1100072;1,7
2022-02-01;1100080;3,41
2022-02-01;1100098;8,55
2022-02-01;1100106;6,56
2022-02-01;1100114;18,52
2022-02-01;1100122;17,93
2022-02-01;1100130;7,9
2022-02-01;1100148;13,9
2022-02-01;1100155;11,13
2022-02-01;1100189;8,5
2022-02-01;1100205;23,04
2022-02-01;1100254;20,52
2022-02-01;1100262;8,61
2022-02-01;1100288;13,2
2022-02-01;1100296;3,72
2022-02-01;1100304;16,61
2022-02-01;1100320;3,28
2022-02-01;1100338;8,48
2022-02-01;1100346;11,15
2022-02-01;1100379;8,4
2022-02-01;1100403;4,16
2022-02-01;1100452;10,51
2022-02-01;1100502;11,64
2022-02-01;1100601;8,37
2022-02-01;1100700;10,95
2022-02-01;1100809;9,51
2022-02-01;1100908;10,67
2022-02-01;1100924;1,16
2022-02-01;1100940;7,6
2022-02-01;1101005;3,17
2022-02-01;1101104;11,42
2022-02-01;1101203;5,91
2022-02-01;1101302;22,8
2022-02-01;1101401;1,73
2022-02-01;1101435;7,65
2022-02-01;1101450;1,96
2022-02-01;1101468;4,89
2022-02-01;1101476;9,42
2022-02-01;1101484;4,03
2022-02-01;1101492;9,47
2022-02-01;1101500;10,43
2022-02-01;1101559;5,55
2022-02-01;1101609;3,81
2022-02-01;1101708;8,06
2022-02-01;1101757;4,74
2022-02-01;1101807;6,66
2022-02-01;5100102;4,28
2022-02-01;5100201;7,59
2022-02-01;5100250;24,03
2022-02-01;5100300;3,74
2022-02-01;5100359;6,08
2022-02-01;5100409;8,02
2022-02-01;5100508;4,07
2022-02-01;5100607;2,65
2022-02-01;5100805;5,53
2022-02-01;5101001;17,82
2022-02-01;5101209;8,8
2022-02-01;5101258;5,59
2022-02-01;5101308;25,94
2022-02-01;5101407;10,17
2022-02-01;5101605;4,78
2022-02-01;5101704;16,32
2022-02-01;5101803;13,22
2022-02-01;5101852;2,43
2022-02-01;5101902;8,35
2022-02-01;5102504;14,68
2022-02-01;5102603;3,34
2022-02-01;5102637;9,84
2022-02-01;5102678;3,25
2022-02-01;5102686;7,2
2022-02-01;5102694;1,02
2022-02-01;5102702;12,04
2022-02-01;5102793;14,12
2022-02-01;5102850;7,04
2022-02-01;5103007;16,59
2022-02-01;5103056;15,38
2022-02-01;5103106;19,86
2022-02-01;5103205;18,29
2022-02-01;5103254;2,49
2022-02-01;5103304;4,95
2022-02-01;5103353;17,4
2022-02-01;5103361;6,29
2022-02-01;5103379;2,5
2022-02-01;5103403;28,89
2022-02-01;5103437;2,85
2022-02-01;5103452;6,26
2022-02-01;5103502;20,52
2022-02-01;5103601;9,81
2022-02-01;5103700;12,21
2022-02-01;5103809;11,17
2022-02-01;5103858;9,35
2022-02-01;5103908;4,09
2022-02-01;5103957;17,56
2022-02-01;5104104;15,01
2022-02-01;5104203;4,54
2022-02-01;5104500;6,99
2022-02-01;5104526;14,85
2022-02-01;5104542;6,26
2022-02-01;5104559;15,9
2022-02-01;5104609;5,22
2022-02-01;5104807;10,28
2022-02-01;5104906;6,43
2022-02-01;5105002;9,61
2022-02-01;5105101;15,76
2022-02-01;5105150;10,52
2022-02-01;5105176;4,34
2022-02-01;5105200;7,98
2022-02-01;5105234;5,89
2022-02-01;5105259;21,48
2022-02-01;5105309;4,42
2022-02-01;5105507;6,26
2022-02-01;5105580;3,98
2022-02-01;5105606;16,08
2022-02-01;5105622;8,98
2022-02-01;5105903;24,74
2022-02-01;5106000;16,08
2022-02-01;5106109;9,3
2022-02-01;5106158;8,68
2022-02-01;5106174;5,18
2022-02-01;5106182;3,73
2022-02-01;5106190;9,69
2022-02-01;5106208;14,52
2022-02-01;5106216;18,77
2022-02-01;5106224;21,28
2022-02-01;5106232;13,36
2022-02-01;5106240;15,29
2022-02-01;5106257;6,74
2022-02-01;5106265;2,05
2022-02-01;5106273;7,08
2022-02-01;5106281;4,01
2022-02-01;5106299;10,77
2022-02-01;5106307;15,8
2022-02-01;5106315;2,35
2022-02-01;5106372;5,19
2022-02-01;5106422;12,99
2022-02-01;5106455;10,85
2022-02-01;5106505;6,21
2022-02-01;5106653;5,95
2022-02-01;5106703;4,46
2022-02-01;5106752;10,12
2022-02-01;5106778;1,46
2022-02-01;5106802;16,24
2022-02-01;5106828;11,33
2022-02-01;5106851;11,06
2022-02-01;5107008;11,35
2022-02-01;5107040;48,98
2022-02-01;5107065;11,85
2022-02-01;5107107;13,44
2022-02-01;5107156;5,01
2022-02-01;5107180;7,77
2022-02-01;5107198;12,01
2022-02-01;5107206;9,81
2022-02-01;5107248;34,85
2022-02-01;5107263;6,54
2022-02-01;5107297;17,8
2022-02-01;5107305;17,33
2022-02-01;5107354;3,37
2022-02-01;5107404;1,45
2022-02-01;5107578;2,51
2022-02-01;5107602;22,52
2022-02-01;5107701;5,44
2022-02-01;5107743;4,0
2022-02-01;5107750;6,39
2022-02-01;5107768;11,3
2022-02-01;5107776;1,1
2022-02-01;5107792;6,12
2022-02-01;5107800;7,56
2022-02-01;5107859;4,96
2022-02-01;5107875;6,17
2022-02-01;5107883;2,7
2022-02-01;5107909;39,71
2022-02-01;5107925;25,03
2022-02-01;5107941;18,34
2022-02-01;5107958;30,05
2022-02-01;5108006;15,38
2022-02-01;5108055;15,3
2022-02-01;5108105;7,71
2022-02-01;5108204;98,85
2022-02-01;5108303;7,58
2022-02-01;5108352;2,5
2022-02-01;5108402;15,7
2022-02-01;5108501;14,41
2022-02-01;5108600;9,64
2022-02-01;5108808;22,65
2022-02-01;5108857;18,46
2022-02-01;5108907;3,25
2022-02-01;5108956;8,61
2022-01-01;1100015;7,9
2022-01-01;1100023;19,9
2022-01-01;1100031;1,11
2022-01-01;1100049;17,97
2022-01-01;1100056;6,76
2022-01-01;1100064;19,89
2022-01-01;1100072;1,72
2022-01-01;1100080;3,42
2022-01-01;1100098;8,67
2022-01-01;1100106;6,95
2022-01-01;1100114;22,46
2022-01-01;1100122;17,82
2022-01-01;1100130;8,24
2022-01-01;1100148;13,79
2022-01-01;1100155;14,72
2022-01-01;1100189;12,5
2022-01-01;1100205;23,07
2022-01-01;1100254;20,58
2022-01-01;1100262;8,93
2022-01-01;1100288;12,99
2022-01-01;1100296;3,72
2022-01-01;1100304;16,31
2022-01-01;1100320;3,23
2022-01-01;1100338;9,97
2022-01-01;1100346;10,84
2022-01-01;1100379;9,33
2022-01-01;1100403;4,26
2022-01-01;1100452;10,46
2022-01-01;1100502;11,53
2022-01-01;1100601;7,86
2022-01-01;1100700;10,98
2022-01-01;1100809;9,72
2022-01-01;1100908;10,23
2022-01-01;1100924;1,29
2022-01-01;1100940;7,03
2022-01-01;1101005;3,23
2022-01-01;1101104;11,9
2022-01-01;1101203;5,36
2022-01-01;1101302;20,62
2022-01-01;1101401;1,86
2022-01-01;1101435;7,45
2022-01-01;1101450;2,86
2022-01-01;1101468;5,12
2022-01-01;1101476;16,31
2022-01-01;1101484;5,4
2022-01-01;1101492;9,44
2022-01-01;1101500;10,19
2022-01-01;1101559;5,46
2022-01-01;1101609;3,87
2022-01-01;1101708;8,03
2022-01-01;1101757;4,97
2022-01-01;1101807;9,52
2022-01-01;5100102;4,16
2022-01-01;5100201;7,65
2022-01-01;5100250;23,92
2022-01-01;5100300;3,79
2022-01-01;5100359;5,51
2022-01-01;5100409;7,77
2022-01-01;5100508;3,94
2022-01-01;5100607;2,69
2022-01-01;5100805;5,3
2022-01-01;5101001;16,09
2022-01-01;5101209;8,36
2022-01-01;5101258;4,73
2022-01-01;5101308;26,58
2022-01-01;5101407;10,26
2022-01-01;5101605;4,78
2022-01-01;5101704;15,84
2022-01-01;5101803;13,1
2022-01-01;5101852;2,28
2022-01-01;5101902;8,73
2022-01-01;5102504;14,65
2022-01-01;5102603;3,37
2022-01-01;5102637;10,6
2022-01-01;5102678;2,78
2022-01-01;5102686;6,51
2022-01-01;5102694;0,91
2022-01-01;5102702;11,46
2022-01-01;5102793;13,6
2022-01-01;5102850;7,28
2022-01-01;5103007;15,97
2022-01-01;5103056;13,48
2022-01-01;5103106;19,38
2022-01-01;5103205;18,41
2022-01-01;5103254;2,48
2022-01-01;5103304;4,93
2022-01-01;5103353;27,25
2022-01-01;5103361;6,44
2022-01-01;5103379;2,49
2022-01-01;5103403;28,79
2022-01-01;5103437;2,96
2022-01-01;5103452;6,17
2022-01-01;5103502;20,77
2022-01-01;5103601;9,66
2022-01-01;5103700;12,03
2022-01-01;5103809;10,91
2022-01-01;5103858;8,45
2022-01-01;5103908;3,7
2022-01-01;5103957;17,73
2022-01-01;5104104;10,49
2022-01-01;5104203;5,2
2022-01-01;5104500;7,91
2022-01-01;5104526;14,15
2022-01-01;5104542;6,24
2022-01-01;5104559;15,93
2022-01-01;5104609;5,43
2022-01-01;5104807;9,56
2022-01-01;5104906;5,95
2022-01-01;5105002;9,45
2022-01-01;5105101;15,78
2022-01-01;5105150;10,67
2022-01-01;5105176;4,4
2022-01-01;5105200;7,87
2022-01-01;5105234;5,65
2022-01-01;5105259;20,12
2022-01-01;5105309;4,42
2022-01-01;5105507;6,37
2022-01-01;5105580;4,05
2022-01-01;5105606;15,2
2022-01-01;5105622;8,84
2022-01-01;5105903;24,7
2022-01-01;5106000;15,57
2022-01-01;5106109;9,33
2022-01-01;5106158;8,27
2022-01-01;5106174;5,18
2022-01-01;5106182;3,64
2022-01-01;5106190;9,72
2022-01-01;5106208;14,03
2022-01-01;5106216;19,16
2022-01-01;5106224;21,3
2022-01-01;5106232;11,61
2022-01-01;5106240;15,41
2022-01-01;5106257;6,76
2022-01-01;5106265;1,16
2022-01-01;5106273;7,2
2022-01-01;5106281;4,16
2022-01-01;5106299;10,36
2022-01-01;5106307;15,35
2022-01-01;5106315;2,35
2022-01-01;5106372;5,43
2022-01-01;5106422;12,25
2022-01-01;5106455;10,09
2022-01-01;5106505;6,27
2022-01-01;5106653;5,97
2022-01-01;5106703;4,2
2022-01-01;5106752;10,4
2022-01-01;5106778;1,49
2022-01-01;5106802;15,31
2022-01-01;5106828;11,54
2022-01-01;5106851;11,06
2022-01-01;5107008;11,17
2022-01-01;5107040;48,03
2022-01-01;5107065;12,1
2022-01-01;5107107;12,94
2022-01-01;5107156;4,97
2022-01-01;5107180;7,12
2022-01-01;5107198;14,56
2022-01-01;5107206;9,05
2022-01-01;5107248;13,3
2022-01-01;5107263;6,23
2022-01-01;5107297;39,59
2022-01-01;5107305;17,54
2022-01-01;5107354;2,89
2022-01-01;5107404;1,47
2022-01-01;5107578;3,44
2022-01-01;5107602;22,53
2022-01-01;5107701;5,42
2022-01-01;5107743;3,78
2022-01-01;5107750;5,98
2022-01-01;5107768;12,58
2022-01-01;5107776;1,03
2022-01-01;5107792;6,17
2022-01-01;5107800;7,5
2022-01-01;5107859;5,11
2022-01-01;5107875;8,82
2022-01-01;5107883;2,87
2022-01-01;5107909;37,54
2022-01-01;5107925;24,7
2022-01-01;5107941;18,37
2022-01-01;5107958;28,17
2022-01-01;5108006;15,61
2022-01-01;5108055;15,16
2022-01-01;5108105;7,05
2022-01-01;5108204;97,65
2022-01-01;5108303;9,06
2022-01-01;5108352;2,27
2022-01-01;5108402;15,47
2022-01-01;5108501;17,77
2022-01-01;5108600;9,77
2022-01-01;5108808;21,83
2022-01-01;5108857;18,52
2022-01-01;5108907;3,43
2022-01-01;5108956;8,43
2021-12-01;1100015;7,86
2021-12-01;1100023;19,08
2021-12-01;1100031;1,46
2021-12-01;1100049;16,05
2021-12-01;1100056;6,89
2021-12-01;1100064;10,4
2021-12-01;1100072;1,79
2021-12-01;1100080;3,4
2021-12-01;1100098;8,07
2021-12-01;1100106;6,97
2021-12-01;1100114;22,15
2021-12-01;1100122;17,99
2021-12-01;1100130;8,23
2021-12-01;1100148;13,0
2021-12-01;1100155;14,56
2021-12-01;1100189;4,5
2021-12-01;1100205;22,97
2021-12-01;1100254;19,25
2021-12-01;1100262;9,0
2021-12-01;1100288;13,07
2021-12-01;1100296;3,6
2021-12-01;1100304;15,95
2021-12-01;1100320;3,22
2021-12-01;1100338;10,53
2021-12-01;1100346;10,37
2021-12-01;1100379;7,3
2021-12-01;1100403;4,29
2021-12-01;1100452;11,58
2021-12-01;1100502;12,33
2021-12-01;1100601;9,62
2021-12-01;1100700;11,01
2021-12-01;1100809;9,73
2021-12-01;1100908;10,33
2021-12-01;1100924;1,23
2021-12-01;1100940;7,29
2021-12-01;1101005;3,25
2021-12-01;1101104;11,84
2021-12-01;1101203;6,28
2021-12-01;1101302;17,75
2021-12-01;1101401;1,85
2021-12-01;1101435;7,39
2021-12-01;1101450;1,42
2021-12-01;1101468;5,17
2021-12-01;1101476;5,86
2021-12-01;1101484;1,89
2021-12-01;1101492;9,96
2021-12-01;1101500;9,83
2021-12-01;1101559;3,03
2021-12-01;1101609;3,88
2021-12-01;1101708;7,83
2021-12-01;1101757;4,9
2021-12-01;1101807;10,71
2021-12-01;5100102;4,13
2021-12-01;5100201;12,67
2021-12-01;5100250;23,36
2021-12-01;5100300;3,86
2021-12-01;5100359;5,49
2021-12-01;5100409;7,86
2021-12-01;5100508;3,81
2021-12-01;5100607;2,75
2021-12-01;5100805;4,5
2021-12-01;5101001;16,74
2021-12-01;5101209;7,26
2021-12-01;5101258;5,87
2021-12-01;5101308;26,38
2021-12-01;5101407;10,46
2021-12-01;5101605;4,8
2021-12-01;5101704;12,65
2021-12-01;5101803;13,32
2021-12-01;5101852;2,33
2021-12-01;5101902;8,79
2021-12-01;5102504;14,57
2021-12-01;5102603;3,4
2021-12-01;5102637;10,53
2021-12-01;5102678;2,74
2021-12-01;5102686;6,49
2021-12-01;5102694;1,04
2021-12-01;5102702;9,56
2021-12-01;5102793;12,36
2021-12-01;5102850;7,13
2021-12-01;5103007;15,47
2021-12-01;5103056;16,65
2021-12-01;5103106;18,74
2021-12-01;5103205;18,14
2021-12-01;5103254;2,54
2021-12-01;5103304;5,47
2021-12-01;5103353;28,61
2021-12-01;5103361;6,15
2021-12-01;5103379;2,45
2021-12-01;5103403;28,66
2021-12-01;5103437;3,21
2021-12-01;5103452;6,11
2021-12-01;5103502;20,53
2021-12-01;5103601;10,26
2021-12-01;5103700;13,0
2021-12-01;5103809;11,35
2021-12-01;5103858;12,84
2021-12-01;5103908;3,74
2021-12-01;5103957;18,73
2021-12-01;5104104;10,19
2021-12-01;5104203;4,83
2021-12-01;5104500;8,59
2021-12-01;5104526;13,29
2021-12-01;5104542;6,19
2021-12-01;5104559;16,04
2021-12-01;5104609;3,03
2021-12-01;5104807;7,21
2021-12-01;5104906;4,05
2021-12-01;5105002;9,36
2021-12-01;5105101;15,13
2021-12-01;5105150;10,31
2021-12-01;5105176;4,43
2021-12-01;5105200;7,88
2021-12-01;5105234;5,65
2021-12-01;5105259;21,4
2021-12-01;5105309;4,32
2021-12-01;5105507;6,4
2021-12-01;5105580;4,04
2021-12-01;5105606;14,0
2021-12-01;5105622;9,0
2021-12-01;5105903;7,53
2021-12-01;5106000;16,11
2021-12-01;5106109;9,13
2021-12-01;5106158;7,44
2021-12-01;5106174;5,18
2021-12-01;5106182;3,53
2021-12-01;5106190;9,72
2021-12-01;5106208;13,57
2021-12-01;5106216;19,05
2021-12-01;5106224;22,28
2021-12-01;5106232;6,91
2021-12-01;5106240;15,25
2021-12-01;5106257;6,85
2021-12-01;5106265;1,8
2021-12-01;5106273;7,15
2021-12-01;5106281;4,26
2021-12-01;5106299;9,25
2021-12-01;5106307;17,17
2021-12-01;5106315;2,31
2021-12-01;5106372;2,75
2021-12-01;5106422;12,07
2021-12-01;5106455;9,59
2021-12-01;5106505;6,27
2021-12-01;5106653;6,8
2021-12-01;5106703;6,43
2021-12-01;5106752;10,37
2021-12-01;5106778;1,53
2021-12-01;5106802;12,03
2021-12-01;5106828;11,97
2021-12-01;5106851;11,2
2021-12-01;5107008;11,04
2021-12-01;5107040;47,54
2021-12-01;5107065;14,45
2021-12-01;5107107;12,89
2021-12-01;5107156;4,97
2021-12-01;5107180;6,99
2021-12-01;5107198;15,05
2021-12-01;5107206;9,19
2021-12-01;5107248;13,33
2021-12-01;5107263;6,32
2021-12-01;5107297;16,07
2021-12-01;5107305;17,26
2021-12-01;5107354;2,92
2021-12-01;5107404;1,49
2021-12-01;5107578;3,61
2021-12-01;5107602;22,68
2021-12-01;5107701;5,38
2021-12-01;5107743;3,56
2021-12-01;5107750;6,01
2021-12-01;5107768;12,44
2021-12-01;5107776;1,02
2021-12-01;5107792;6,12
2021-12-01;5107800;7,43
2021-12-01;5107859;4,91
2021-12-01;5107875;7,48
2021-12-01;5107883;2,99
2021-12-01;5107909;38,53
2021-12-01;5107925;23,87
2021-12-01;5107941;17,45
2021-12-01;5107958;33,03
2021-12-01;5108006;15,67
2021-12-01;5108055;14,61
2021-12-01;5108105;7,15
2021-12-01;5108204;97,76
2021-12-01;5108303;20,55
2021-12-01;5108352;2,3
2021-12-01;5108402;15,19
2021-12-01;5108501;8,13
2021-12-01;5108600;10,73
2021-12-01;5108808;21,4
2021-12-01;5108857;18,1
2021-12-01;5108907;3,4
2021-12-01;5108956;7,48
2021-11-01;1100015;7,95
2021-11-01;1100023;20,17
2021-11-01;1100031;1,34
2021-11-01;1100049;17,81
2021-11-01;1100056;7,06
2021-11-01;1100064;28,44
2021-11-01;1100072;1,74
2021-11-01;1100080;3,37
2021-11-01;1100098;8,72
2021-11-01;1100106;6,96
2021-11-01;1100114;18,08
2021-11-01;1100122;17,41
2021-11-01;1100130;8,3
2021-11-01;1100148;12,96
2021-11-01;1100155;12,11
2021-11-01;1100189;10,86
2021-11-01;1100205;22,51
2021-11-01;1100254;18,86
2021-11-01;1100262;9,84
2021-11-01;1100288;12,33
2021-11-01;1100296;3,6
2021-11-01;1100304;16,14
2021-11-01;1100320;3,41
2021-11-01;1100338;10,22
2021-11-01;1100346;10,46
2021-11-01;1100379;8,06
2021-11-01;1100403;4,5
2021-11-01;1100452;11,39
2021-11-01;1100502;11,2
2021-11-01;1100601;8,64
2021-11-01;1100700;11,01
2021-11-01;1100809;9,92
2021-11-01;1100908;10,23
2021-11-01;1100924;1,38
2021-11-01;1100940;7,26
2021-11-01;1101005;3,55
2021-11-01;1101104;10,81
2021-11-01;1101203;5,7
2021-11-01;1101302;16,04
2021-11-01;1101401;1,87
2021-11-01;1101435;7,2
2021-11-01;1101450;2,39
2021-11-01;1101468;5,08
2021-11-01;1101476;11,87
2021-11-01;1101484;3,1
2021-11-01;1101492;10,22
2021-11-01;1101500;9,9
2021-11-01;1101559;4,18
2021-11-01;1101609;3,88
2021-11-01;1101708;6,89
2021-11-01;1101757;4,82
2021-11-01;1101807;8,66
2021-11-01;5100102;4,18
2021-11-01;5100201;12,83
2021-11-01;5100250;22,62
2021-11-01;5100300;3,91
2021-11-01;5100359;5,81
2021-11-01;5100409;7,9
2021-11-01;5100508;3,82
2021-11-01;5100607;2,84
2021-11-01;5100805;8,45
2021-11-01;5101001;16,32
2021-11-01;5101209;9,13
2021-11-01;5101258;6,03
2021-11-01;5101308;24,31
2021-11-01;5101407;10,78
2021-11-01;5101605;4,8
2021-11-01;5101704;12,09
2021-11-01;5101803;13,35
2021-11-01;5101852;2,49
2021-11-01;5101902;8,76
2021-11-01;5102504;14,45
2021-11-01;5102603;3,56
2021-11-01;5102637;9,84
2021-11-01;5102678;2,85
2021-11-01;5102686;6,31
2021-11-01;5102694;1,1
2021-11-01;5102702;9,08
2021-11-01;5102793;12,03
2021-11-01;5102850;7,17
2021-11-01;5103007;15,43
2021-11-01;5103056;16,75
2021-11-01;5103106;18,88
2021-11-01;5103205;17,9
2021-11-01;5103254;2,53
2021-11-01;5103304;5,62
2021-11-01;5103353;25,55
2021-11-01;5103361;6,05
2021-11-01;5103379;2,37
2021-11-01;5103403;28,56
2021-11-01;5103437;3,34
2021-11-01;5103452;5,96
2021-11-01;5103502;20,45
2021-11-01;5103601;9,05
2021-11-01;5103700;11,91
2021-11-01;5103809;6,65
2021-11-01;5103858;12,51
2021-11-01;5103908;3,79
2021-11-01;5103957;17,96
2021-11-01;5104104;10,23
2021-11-01;5104203;2,71
2021-11-01;5104500;8,66
2021-11-01;5104526;13,15
2021-11-01;5104542;6,2
2021-11-01;5104559;25,1
2021-11-01;5104609;4,61
2021-11-01;5104807;9,43
2021-11-01;5104906;3,67
2021-11-01;5105002;6,9
2021-11-01;5105101;14,54
2021-11-01;5105150;10,14
2021-11-01;5105176;4,45
2021-11-01;5105200;7,24
2021-11-01;5105234;5,67
2021-11-01;5105259;20,96
2021-11-01;5105309;4,32
2021-11-01;5105507;6,46
2021-11-01;5105580;4,16
2021-11-01;5105606;15,78
2021-11-01;5105622;9,08
2021-11-01;5105903;7,4
2021-11-01;5106000;15,98
2021-11-01;5106109;9,04
2021-11-01;5106158;7,41
2021-11-01;5106174;5,21
2021-11-01;5106182;4,88
2021-11-01;5106190;17,74
2021-11-01;5106208;12,55
2021-11-01;5106216;18,5
2021-11-01;5106224;21,74
2021-11-01;5106232;6,91
2021-11-01;5106240;14,83
2021-11-01;5106257;7,03
2021-11-01;5106265;1,92
2021-11-01;5106273;5,97
2021-11-01;5106281;4,32
2021-11-01;5106299;8,88
2021-11-01;5106307;14,0
2021-11-01;5106315;2,31
2021-11-01;5106372;6,66
2021-11-01;5106422;14,71
2021-11-01;5106455;9,1
2021-11-01;5106505;6,38
2021-11-01;5106653;6,22
2021-11-01;5106703;6,95
2021-11-01;5106752;10,35
2021-11-01;5106778;1,56
2021-11-01;5106802;11,36
2021-11-01;5106828;11,18
2021-11-01;5106851;11,02
2021-11-01;5107008;10,37
2021-11-01;5107040;46,57
2021-11-01;5107065;12,82
2021-11-01;5107107;12,72
2021-11-01;5107156;4,9
2021-11-01;5107180;6,09
2021-11-01;5107198;14,06
2021-11-01;5107206;8,3
2021-11-01;5107248;12,28
2021-11-01;5107263;6,32
2021-11-01;5107297;15,21
2021-11-01;5107305;17,3
2021-11-01;5107354;2,83
2021-11-01;5107404;1,51
2021-11-01;5107578;3,27
2021-11-01;5107602;22,65
2021-11-01;5107701;5,26
2021-11-01;5107743;3,26
2021-11-01;5107750;5,73
2021-11-01;5107768;11,91
2021-11-01;5107776;0,95
2021-11-01;5107792;5,72
2021-11-01;5107800;7,37
2021-11-01;5107859;5,58
2021-11-01;5107875;10,05
2021-11-01;5107883;3,05
2021-11-01;5107909;35,74
2021-11-01;5107925;23,0
2021-11-01;5107941;17,26
2021-11-01;5107958;27,55
2021-11-01;5108006;15,45
2021-11-01;5108055;15,87
2021-11-01;5108105;7,92
2021-11-01;5108204;93,49
2021-11-01;5108303;20,61
2021-11-01;5108352;2,24
2021-11-01;5108402;15,08
2021-11-01;5108501;7,6
2021-11-01;5108600;10,85
2021-11-01;5108808;20,88
2021-11-01;5108857;18,25
2021-11-01;5108907;3,32
2021-11-01;5108956;7,47
2021-10-01;1100015;7,95
2021-10-01;1100023;18,54
2021-10-01;1100031;1,4
2021-10-01;1100049;18,15
2021-10-01;1100056;7,14
2021-10-01;1100064;15,87
2021-10-01;1100072;1,76
2021-10-01;1100080;3,25
2021-10-01;1100098;9,69
2021-10-01;1100106;6,79
2021-10-01;1100114;15,2
2021-10-01;1100122;17,8
2021-10-01;1100130;8,06
2021-10-01;1100148;12,57
2021-10-01;1100155;11,39
2021-10-01;1100189;11,89
2021-10-01;1100205;22,66
2021-10-01;1100254;18,6
2021-10-01;1100262;10,15
2021-10-01;1100288;12,17
2021-10-01;1100296;3,6
2021-10-01;1100304;16,56
2021-10-01;1100320;3,3
2021-10-01;1100338;9,04
2021-10-01;1100346;10,42
2021-10-01;1100379;7,9
2021-10-01;1100403;4,83
2021-10-01;1100452;10,93
2021-10-01;1100502;10,6
2021-10-01;1100601;7,99
2021-10-01;1100700;11,04
2021-10-01;1100809;9,98
2021-10-01;1100908;9,99
2021-10-01;1100924;1,4
2021-10-01;1100940;7,53
2021-10-01;1101005;1,64
2021-10-01;1101104;11,54
2021-10-01;1101203;6,1
2021-10-01;1101302;13,76
2021-10-01;1101401;1,9
2021-10-01;1101435;7,11
2021-10-01;1101450;2,82
2021-10-01;1101468;5,12
2021-10-01;1101476;13,05
2021-10-01;1101484;3,1
2021-10-01;1101492;10,33
2021-10-01;1101500;9,75
2021-10-01;1101559;4,06
2021-10-01;1101609;3,96
2021-10-01;1101708;6,61
2021-10-01;1101757;4,86
2021-10-01;1101807;7,64
2021-10-01;5100102;4,33
2021-10-01;5100201;12,94
2021-10-01;5100250;22,38
2021-10-01;5100300;3,96
2021-10-01;5100359;6,37
2021-10-01;5100409;7,62
2021-10-01;5100508;3,84
2021-10-01;5100607;2,88
2021-10-01;5100805;8,99
2021-10-01;5101001;16,81
2021-10-01;5101209;9,46
2021-10-01;5101258;6,38
2021-10-01;5101308;24,37
2021-10-01;5101407;10,86
2021-10-01;5101605;4,78
2021-10-01;5101704;11,55
2021-10-01;5101803;13,35
2021-10-01;5101852;2,4
2021-10-01;5101902;9,03
2021-10-01;5102504;14,26
2021-10-01;5102603;3,58
2021-10-01;5102637;10,33
2021-10-01;5102678;3,5
2021-10-01;5102686;6,38
2021-10-01;5102694;1,15
2021-10-01;5102702;8,99
2021-10-01;5102793;12,03
2021-10-01;5102850;6,87
2021-10-01;5103007;15,05
2021-10-01;5103056;16,62
2021-10-01;5103106;18,98
2021-10-01;5103205;17,77
2021-10-01;5103254;2,57
2021-10-01;5103304;5,23
2021-10-01;5103353;25,86
2021-10-01;5103361;6,2
2021-10-01;5103379;2,41
2021-10-01;5103403;28,86
2021-10-01;5103437;3,47
2021-10-01;5103452;5,92
2021-10-01;5103502;20,36
2021-10-01;5103601;8,12
2021-10-01;5103700;10,11
2021-10-01;5103809;10,88
2021-10-01;5103858;9,78
2021-10-01;5103908;3,6
2021-10-01;5103957;17,26
2021-10-01;5104104;10,13
2021-10-01;5104203;4,0
2021-10-01;5104500;8,27
2021-10-01;5104526;12,99
2021-10-01;5104542;6,09
2021-10-01;5104559;24,77
2021-10-01;5104609;3,87
2021-10-01;5104807;11,41
2021-10-01;5104906;3,82
2021-10-01;5105002;9,13
2021-10-01;5105101;14,25
2021-10-01;5105150;10,39
2021-10-01;5105176;4,49
2021-10-01;5105200;6,28
2021-10-01;5105234;5,7
2021-10-01;5105259;20,68
2021-10-01;5105309;4,17
2021-10-01;5105507;6,53
2021-10-01;5105580;4,19
2021-10-01;5105606;13,52
2021-10-01;5105622;9,86
2021-10-01;5105903;7,12
2021-10-01;5106000;15,81
2021-10-01;5106109;9,04
2021-10-01;5106158;6,6
2021-10-01;5106174;5,86
2021-10-01;5106182;3,76
2021-10-01;5106190;17,34
2021-10-01;5106208;12,06
2021-10-01;5106216;18,9
2021-10-01;5106224;21,48
2021-10-01;5106232;6,8
2021-10-01;5106240;15,26
2021-10-01;5106257;7,09
2021-10-01;5106265;1,78
2021-10-01;5106273;5,95
2021-10-01;5106281;4,51
2021-10-01;5106299;8,51
2021-10-01;5106307;16,95
2021-10-01;5106315;2,28
2021-10-01;5106372;2,02
2021-10-01;5106422;14,39
2021-10-01;5106455;8,53
2021-10-01;5106505;6,38
2021-10-01;5106653;6,33
2021-10-01;5106703;6,16
2021-10-01;5106752;10,01
2021-10-01;5106778;1,59
2021-10-01;5106802;11,49
2021-10-01;5106828;11,01
2021-10-01;5106851;10,92
2021-10-01;5107008;10,48
2021-10-01;5107040;41,41
2021-10-01;5107065;13,84
2021-10-01;5107107;13,28
2021-10-01;5107156;5,01
2021-10-01;5107180;6,14
2021-10-01;5107198;13,65
2021-10-01;5107206;8,49
2021-10-01;5107248;12,22
2021-10-01;5107263;6,45
2021-10-01;5107297;16,99
2021-10-01;5107305;17,15
2021-10-01;5107354;2,27
2021-10-01;5107404;1,51
2021-10-01;5107578;3,39
2021-10-01;5107602;22,22
2021-10-01;5107701;5,11
2021-10-01;5107743;2,52
2021-10-01;5107750;5,86
2021-10-01;5107768;11,77
2021-10-01;5107776;0,82
2021-10-01;5107792;5,81
2021-10-01;5107800;7,44
2021-10-01;5107859;5,12
2021-10-01;5107875;10,21
2021-10-01;5107883;3,05
2021-10-01;5107909;34,54
2021-10-01;5107925;23,57
2021-10-01;5107941;16,31
2021-10-01;5107958;30,98
2021-10-01;5108006;15,41
2021-10-01;5108055;15,21
2021-10-01;5108105;8,22
2021-10-01;5108204;9,12
2021-10-01;5108303;20,96
2021-10-01;5108352;2,27
2021-10-01;5108402;15,34
2021-10-01;5108501;8,06
2021-10-01;5108600;6,55
2021-10-01;5108808;20,63
2021-10-01;5108857;17,35
2021-10-01;5108907;3,39
2021-10-01;5108956;6,46
2021-09-01;1100015;7,56
2021-09-01;1100023;18,68
2021-09-01;1100031;1,38
2021-09-01;1100049;16,7
2021-09-01;1100056;7,22
2021-09-01;1100064;13,48
2021-09-01;1100072;1,69
2021-09-01;1100080;3,25
2021-09-01;1100098;9,41
2021-09-01;1100106;6,89
2021-09-01;1100114;14,43
2021-09-01;1100122;17,6
2021-09-01;1100130;8,2
2021-09-01;1100148;12,06
2021-09-01;1100155;11,79
2021-09-01;1100189;5,59
2021-09-01;1100205;22,64
2021-09-01;1100254;18,05
2021-09-01;1100262;10,46
2021-09-01;1100288;7,5
2021-09-01;1100296;3,47
2021-09-01;1100304;14,42
2021-09-01;1100320;3,24
2021-09-01;1100338;9,41
2021-09-01;1100346;10,46
2021-09-01;1100379;7,92
2021-09-01;1100403;3,39
2021-09-01;1100452;10,64
2021-09-01;1100502;10,67
2021-09-01;1100601;8,05
2021-09-01;1100700;11,18
2021-09-01;1100809;10,08
2021-09-01;1100908;9,61
2021-09-01;1100924;1,38
2021-09-01;1100940;5,76
2021-09-01;1101005;1,65
2021-09-01;1101104;11,03
2021-09-01;1101203;6,09
2021-09-01;1101302;13,56
2021-09-01;1101401;1,97
2021-09-01;1101435;7,15
2021-09-01;1101450;1,6
2021-09-01;1101468;5,03
2021-09-01;1101476;6,34
2021-09-01;1101484;2,7
2021-09-01;1101492;10,35
2021-09-01;1101500;9,43
2021-09-01;1101559;3,8
2021-09-01;1101609;4,06
2021-09-01;1101708;6,61
2021-09-01;1101757;4,7
2021-09-01;1101807;7,26
2021-09-01;5100102;4,13
2021-09-01;5100201;12,71
2021-09-01;5100250;22,17
2021-09-01;5100300;4,05
2021-09-01;5100359;6,15
2021-09-01;5100409;4,8
2021-09-01;5100508;3,9
2021-09-01;5100607;3,0
2021-09-01;5100805;6,76
2021-09-01;5101001;15,83
2021-09-01;5101209;8,14
2021-09-01;5101258;6,54
2021-09-01;5101308;24,35
2021-09-01;5101407;10,66
2021-09-01;5101605;5,0
2021-09-01;5101704;11,61
2021-09-01;5101803;13,17
2021-09-01;5101852;2,4
2021-09-01;5101902;9,29
2021-09-01;5102504;13,81
2021-09-01;5102603;3,53
2021-09-01;5102637;9,78
2021-09-01;5102678;3,0
2021-09-01;5102686;7,33
2021-09-01;5102694;1,02
2021-09-01;5102702;8,39
2021-09-01;5102793;11,83
2021-09-01;5102850;6,82
2021-09-01;5103007;12,45
2021-09-01;5103056;12,9
2021-09-01;5103106;17,77
2021-09-01;5103205;17,64
2021-09-01;5103254;2,55
2021-09-01;5103304;5,29
2021-09-01;5103353;25,06
2021-09-01;5103361;4,59
2021-09-01;5103379;2,53
2021-09-01;5103403;25,0
2021-09-01;5103437;2,87
2021-09-01;5103452;5,91
2021-09-01;5103502;20,3
2021-09-01;5103601;7,72
2021-09-01;5103700;5,89
2021-09-01;5103809;10,99
2021-09-01;5103858;11,54
2021-09-01;5103908;3,3
2021-09-01;5103957;16,59
2021-09-01;5104104;10,58
2021-09-01;5104203;3,56
2021-09-01;5104500;9,8
2021-09-01;5104526;13,44
2021-09-01;5104542;5,8
2021-09-01;5104559;24,91
2021-09-01;5104609;4,8
2021-09-01;5104807;11,1
2021-09-01;5104906;3,72
2021-09-01;5105002;9,32
2021-09-01;5105101;14,05
2021-09-01;5105150;10,28
2021-09-01;5105176;4,53
2021-09-01;5105200;5,84
2021-09-01;5105234;5,03
2021-09-01;5105259;20,14
2021-09-01;5105309;4,13
2021-09-01;5105507;6,34
2021-09-01;5105580;4,23
2021-09-01;5105606;13,0
2021-09-01;5105622;9,56
2021-09-01;5105903;6,49
2021-09-01;5106000;15,26
2021-09-01;5106109;8,26
2021-09-01;5106158;6,23
2021-09-01;5106174;5,93
2021-09-01;5106182;2,75
2021-09-01;5106190;17,71
2021-09-01;5106208;11,71
2021-09-01;5106216;18,83
2021-09-01;5106224;25,61
2021-09-01;5106232;6,63
2021-09-01;5106240;15,16
2021-09-01;5106257;7,1
2021-09-01;5106265;1,44
2021-09-01;5106273;6,27
2021-09-01;5106281;3,35
2021-09-01;5106299;8,08
2021-09-01;5106307;10,6
2021-09-01;5106315;2,53
2021-09-01;5106372;4,4
2021-09-01;5106422;14,42
2021-09-01;5106455;7,62
2021-09-01;5106505;6,31
2021-09-01;5106653;6,43
2021-09-01;5106703;4,92
2021-09-01;5106752;9,5
2021-09-01;5106778;1,63
2021-09-01;5106802;11,21
2021-09-01;5106828;9,83
2021-09-01;5106851;11,02
2021-09-01;5107008;0,87
2021-09-01;5107040;38,25
2021-09-01;5107065;13,72
2021-09-01;5107107;14,65
2021-09-01;5107156;3,3
2021-09-01;5107180;5,67
2021-09-01;5107198;12,83
2021-09-01;5107206;8,16
2021-09-01;5107248;2,78
2021-09-01;5107263;3,98
2021-09-01;5107297;15,77
2021-09-01;5107305;17,36
2021-09-01;5107354;2,23
2021-09-01;5107404;1,53
2021-09-01;5107578;3,0
2021-09-01;5107602;22,27
2021-09-01;5107701;4,74
2021-09-01;5107743;1,63
2021-09-01;5107750;5,3
2021-09-01;5107768;8,08
2021-09-01;5107776;0,88
2021-09-01;5107792;5,04
2021-09-01;5107800;7,38
2021-09-01;5107859;5,52
2021-09-01;5107875;9,5
2021-09-01;5107883;2,99
2021-09-01;5107909;34,86
2021-09-01;5107925;23,19
2021-09-01;5107941;16,04
2021-09-01;5107958;23,72
2021-09-01;5108006;15,04
2021-09-01;5108055;14,76
2021-09-01;5108105;6,94
2021-09-01;5108204;8,92
2021-09-01;5108303;7,24
2021-09-01;5108352;2,3
2021-09-01;5108402;13,06
2021-09-01;5108501;2,11
2021-09-01;5108600;10,16
2021-09-01;5108808;20,74
2021-09-01;5108857;16,36
2021-09-01;5108907;3,36
2021-09-01;5108956;6,33
2021-08-01;1100015;7,29
2021-08-01;1100023;17,55
2021-08-01;1100031;1,38
2021-08-01;1100049;13,79
2021-08-01;1100056;7,13
2021-08-01;1100064;2,33
2021-08-01;1100072;1,73
2021-08-01;1100080;3,16
2021-08-01;1100098;8,68
2021-08-01;1100106;6,54
2021-08-01;1100114;14,3
2021-08-01;1100122;17,31
2021-08-01;1100130;8,21
2021-08-01;1100148;11,49
2021-08-01;1100155;13,78
2021-08-01;1100189;6,8
2021-08-01;1100205;22,35
2021-08-01;1100254;17,08
2021-08-01;1100262;10,07
2021-08-01;1100288;11,85
2021-08-01;1100296;3,03
2021-08-01;1100304;14,43
2021-08-01;1100320;2,99
2021-08-01;1100338;8,9
2021-08-01;1100346;10,47
2021-08-01;1100379;5,39
2021-08-01;1100403;3,56
2021-08-01;1100452;10,47
2021-08-01;1100502;10,09
2021-08-01;1100601;7,99
2021-08-01;1100700;11,03
2021-08-01;1100809;10,11
2021-08-01;1100908;9,72
2021-08-01;1100924;1,41
2021-08-01;1100940;7,38
2021-08-01;1101005;1,6
2021-08-01;1101104;11,38
2021-08-01;1101203;5,79
2021-08-01;1101302;13,96
2021-08-01;1101401;2,07
2021-08-01;1101435;6,98
2021-08-01;1101450;1,8
2021-08-01;1101468;5,08
2021-08-01;1101476;8,01
2021-08-01;1101484;3,16
2021-08-01;1101492;9,98
2021-08-01;1101500;9,37
2021-08-01;1101559;3,03
2021-08-01;1101609;4,18
2021-08-01;1101708;6,85
2021-08-01;1101757;4,82
2021-08-01;1101807;6,39
2021-08-01;5100102;4,43
2021-08-01;5100201;10,5
2021-08-01;5100250;22,28
2021-08-01;5100300;3,62
2021-08-01;5100359;6,49
2021-08-01;5100409;8,08
2021-08-01;5100508;3,88
2021-08-01;5100607;3,05
2021-08-01;5100805;9,44
2021-08-01;5101001;15,96
2021-08-01;5101209;9,02
2021-08-01;5101258;6,53
2021-08-01;5101308;23,93
2021-08-01;5101407;10,6
2021-08-01;5101605;4,95
2021-08-01;5101704;10,75
2021-08-01;5101803;13,25
2021-08-01;5101852;2,4
2021-08-01;5101902;9,29
2021-08-01;5102504;13,24
2021-08-01;5102603;3,55
2021-08-01;5102637;9,57
2021-08-01;5102678;7,03
2021-08-01;5102686;7,44
2021-08-01;5102694;1,19
2021-08-01;5102702;8,01
2021-08-01;5102793;13,28
2021-08-01;5102850;7,19
2021-08-01;5103007;14,89
2021-08-01;5103056;14,48
2021-08-01;5103106;17,49
2021-08-01;5103205;17,4
2021-08-01;5103254;1,8
2021-08-01;5103304;4,99
2021-08-01;5103353;22,02
2021-08-01;5103361;6,22
2021-08-01;5103379;2,88
2021-08-01;5103403;28,98
2021-08-01;5103437;2,96
2021-08-01;5103452;4,06
2021-08-01;5103502;20,55
2021-08-01;5103601;8,11
2021-08-01;5103700;3,05
2021-08-01;5103809;10,58
2021-08-01;5103858;11,05
2021-08-01;5103908;3,63
2021-08-01;5103957;16,35
2021-08-01;5104104;10,59
2021-08-01;5104203;3,44
2021-08-01;5104500;9,73
2021-08-01;5104526;12,91
2021-08-01;5104542;5,86
2021-08-01;5104559;24,83
2021-08-01;5104609;4,09
2021-08-01;5104807;11,03
2021-08-01;5104906;3,88
2021-08-01;5105002;9,72
2021-08-01;5105101;14,01
2021-08-01;5105150;10,7
2021-08-01;5105176;4,6
2021-08-01;5105200;4,55
2021-08-01;5105234;5,11
2021-08-01;5105259;20,05
2021-08-01;5105309;4,03
2021-08-01;5105507;5,74
2021-08-01;5105580;4,25
2021-08-01;5105606;16,33
2021-08-01;5105622;9,06
2021-08-01;5105903;4,83
2021-08-01;5106000;15,5
2021-08-01;5106109;8,84
2021-08-01;5106158;6,4
2021-08-01;5106174;5,81
2021-08-01;5106182;4,05
2021-08-01;5106190;17,84
2021-08-01;5106208;11,16
2021-08-01;5106216;18,55
2021-08-01;5106224;20,61
2021-08-01;5106232;5,26
2021-08-01;5106240;14,83
2021-08-01;5106257;7,24
2021-08-01;5106265;1,4
2021-08-01;5106273;6,07
2021-08-01;5106281;4,61
2021-08-01;5106299;8,09
2021-08-01;5106307;10,0
2021-08-01;5106315;2,53
2021-08-01;5106372;4,99
2021-08-01;5106422;14,78
2021-08-01;5106455;7,24
2021-08-01;5106505;6,43
2021-08-01;5106653;6,51
2021-08-01;5106703;4,72
2021-08-01;5106752;9,56
2021-08-01;5106778;1,67
2021-08-01;5106802;10,98
2021-08-01;5106828;9,64
2021-08-01;5106851;10,88
2021-08-01;5107008;0,9
2021-08-01;5107040;35,0
2021-08-01;5107065;12,3
2021-08-01;5107107;13,71
2021-08-01;5107156;4,87
2021-08-01;5107180;4,95
2021-08-01;5107198;13,53
2021-08-01;5107206;7,31
2021-08-01;5107248;3,04
2021-08-01;5107263;4,05
2021-08-01;5107297;14,6
2021-08-01;5107305;17,38
2021-08-01;5107354;2,3
2021-08-01;5107404;1,6
2021-08-01;5107578;3,05
2021-08-01;5107602;22,14
2021-08-01;5107701;4,92
2021-08-01;5107743;1,96
2021-08-01;5107750;5,58
2021-08-01;5107768;11,58
2021-08-01;5107776;0,84
2021-08-01;5107792;10,09
2021-08-01;5107800;7,42
2021-08-01;5107859;5,82
2021-08-01;5107875;8,22
2021-08-01;5107883;2,93
2021-08-01;5107909;34,68
2021-08-01;5107925;22,71
2021-08-01;5107941;16,33
2021-08-01;5107958;22,13
2021-08-01;5108006;15,26
2021-08-01;5108055;14,45
2021-08-01;5108105;7,79
2021-08-01;5108204;93,15
2021-08-01;5108303;13,05
2021-08-01;5108352;7,43
2021-08-01;5108402;14,57
2021-08-01;5108501;2,37
2021-08-01;5108600;9,83
2021-08-01;5108808;20,26
2021-08-01;5108857;17,17
2021-08-01;5108907;3,51
2021-08-01;5108956;6,12
2021-07-01;1100015;7,24
2021-07-01;1100023;18,74
2021-07-01;1100031;1,26
2021-07-01;1100049;13,5
2021-07-01;1100056;7,27
2021-07-01;1100064;11,16
2021-07-01;1100072;1,74
2021-07-01;1100080;2,97
2021-07-01;1100098;6,83
2021-07-01;1100106;6,32
2021-07-01;1100114;14,53
2021-07-01;1100122;17,36
2021-07-01;1100130;7,71
2021-07-01;1100148;12,24
2021-07-01;1100155;13,55
2021-07-01;1100189;6,28
2021-07-01;1100205;22,24
2021-07-01;1100254;15,85
2021-07-01;1100262;9,89
2021-07-01;1100288;11,23
2021-07-01;1100296;3,52
2021-07-01;1100304;14,58
2021-07-01;1100320;3,05
2021-07-01;1100338;8,09
2021-07-01;1100346;10,25
2021-07-01;1100379;7,8
2021-07-01;1100403;3,65
2021-07-01;1100452;10,46
2021-07-01;1100502;9,75
2021-07-01;1100601;8,37
2021-07-01;1100700;11,06
2021-07-01;1100809;10,22
2021-07-01;1100908;9,65
2021-07-01;1100924;1,36
2021-07-01;1100940;7,27
2021-07-01;1101005;1,65
2021-07-01;1101104;11,37
2021-07-01;1101203;4,98
2021-07-01;1101302;23,75
2021-07-01;1101401;2,18
2021-07-01;1101435;7,05
2021-07-01;1101450;1,36
2021-07-01;1101468;4,42
2021-07-01;1101476;7,86
2021-07-01;1101484;2,72
2021-07-01;1101492;10,05
2021-07-01;1101500;9,18
2021-07-01;1101559;3,12
2021-07-01;1101609;4,73
2021-07-01;1101708;6,9
2021-07-01;1101757;4,85
2021-07-01;1101807;6,76
2021-07-01;5100102;4,39
2021-07-01;5100201;10,62
2021-07-01;5100250;21,91
2021-07-01;5100300;3,56
2021-07-01;5100359;5,94
2021-07-01;5100409;6,86
2021-07-01;5100508;3,79
2021-07-01;5100607;3,12
2021-07-01;5100805;7,85
2021-07-01;5101001;16,45
2021-07-01;5101209;9,35
2021-07-01;5101258;6,7
2021-07-01;5101308;23,1
2021-07-01;5101407;10,62
2021-07-01;5101605;4,75
2021-07-01;5101704;9,44
2021-07-01;5101803;13,32
2021-07-01;5101852;2,47
2021-07-01;5101902;9,09
2021-07-01;5102504;13,14
2021-07-01;5102603;3,52
2021-07-01;5102637;9,29
2021-07-01;5102678;7,38
2021-07-01;5102686;7,33
2021-07-01;5102694;1,21
2021-07-01;5102702;7,35
2021-07-01;5102793;11,79
2021-07-01;5102850;6,98
2021-07-01;5103007;14,07
2021-07-01;5103056;13,06
2021-07-01;5103106;17,27
2021-07-01;5103205;17,1
2021-07-01;5103254;1,6
2021-07-01;5103304;5,41
2021-07-01;5103353;7,49
2021-07-01;5103361;6,01
2021-07-01;5103379;3,46
2021-07-01;5103403;28,83
2021-07-01;5103437;2,98
2021-07-01;5103452;3,69
2021-07-01;5103502;20,23
2021-07-01;5103601;7,33
2021-07-01;5103700;3,12
2021-07-01;5103809;9,91
2021-07-01;5103858;9,4
2021-07-01;5103908;3,68
2021-07-01;5103957;14,62
2021-07-01;5104104;10,41
2021-07-01;5104203;3,07
2021-07-01;5104500;7,98
2021-07-01;5104526;11,7
2021-07-01;5104542;5,79
2021-07-01;5104559;24,55
2021-07-01;5104609;3,06
2021-07-01;5104807;10,79
2021-07-01;5104906;3,97
2021-07-01;5105002;10,28
2021-07-01;5105101;13,05
2021-07-01;5105150;9,13
2021-07-01;5105176;4,64
2021-07-01;5105200;4,31
2021-07-01;5105234;5,2
2021-07-01;5105259;19,34
2021-07-01;5105309;3,93
2021-07-01;5105507;5,53
2021-07-01;5105580;4,28
2021-07-01;5105606;13,84
2021-07-01;5105622;7,63
2021-07-01;5105903;4,93
2021-07-01;5106000;15,09
2021-07-01;5106109;8,73
2021-07-01;5106158;5,15
2021-07-01;5106174;5,83
2021-07-01;5106182;4,17
2021-07-01;5106190;17,84
2021-07-01;5106208;9,35
2021-07-01;5106216;18,41
2021-07-01;5106224;20,4
2021-07-01;5106232;3,98
2021-07-01;5106240;3,97
2021-07-01;5106257;7,26
2021-07-01;5106265;1,41
2021-07-01;5106273;3,47
2021-07-01;5106281;4,65
2021-07-01;5106299;7,06
2021-07-01;5106307;11,72
2021-07-01;5106315;2,35
2021-07-01;5106372;5,01
2021-07-01;5106422;10,98
2021-07-01;5106455;6,79
2021-07-01;5106505;6,45
2021-07-01;5106653;6,6
2021-07-01;5106703;4,07
2021-07-01;5106752;9,24
2021-07-01;5106778;1,74
2021-07-01;5106802;10,83
2021-07-01;5106828;8,64
2021-07-01;5106851;10,59
2021-07-01;5107008;0,92
2021-07-01;5107040;31,58
2021-07-01;5107065;13,16
2021-07-01;5107107;12,74
2021-07-01;5107156;4,72
2021-07-01;5107180;4,84
2021-07-01;5107198;14,15
2021-07-01;5107206;7,34
2021-07-01;5107248;3,22
2021-07-01;5107263;4,08
2021-07-01;5107297;14,07
2021-07-01;5107305;16,99
2021-07-01;5107354;2,32
2021-07-01;5107404;1,62
2021-07-01;5107578;2,38
2021-07-01;5107602;22,17
2021-07-01;5107701;5,01
2021-07-01;5107743;1,78
2021-07-01;5107750;5,77
2021-07-01;5107768;11,88
2021-07-01;5107776;0,91
2021-07-01;5107792;10,72
2021-07-01;5107800;7,38
2021-07-01;5107859;5,94
2021-07-01;5107875;8,3
2021-07-01;5107883;2,93
2021-07-01;5107909;34,32
2021-07-01;5107925;21,2
2021-07-01;5107941;15,71
2021-07-01;5107958;22,21
2021-07-01;5108006;15,15
2021-07-01;5108055;13,79
2021-07-01;5108105;7,76
2021-07-01;5108204;88,61
2021-07-01;5108303;10,56
2021-07-01;5108352;7,43
2021-07-01;5108402;14,25
2021-07-01;5108501;2,3
2021-07-01;5108600;10,01
2021-07-01;5108808;19,79
2021-07-01;5108857;15,55
2021-07-01;5108907;3,64
2021-07-01;5108956;5,79
2021-06-01;1100015;7,68
2021-06-01;1100023;13,95
2021-06-01;1100031;1,31
2021-06-01;1100049;14,05
2021-06-01;1100056;7,29
2021-06-01;1100064;11,13
2021-06-01;1100072;1,79
2021-06-01;1100080;3,09
2021-06-01;1100098;9,15
2021-06-01;1100106;6,06
2021-06-01;1100114;15,39
2021-06-01;1100122;17,3
2021-06-01;1100130;5,95
2021-06-01;1100148;12,39
2021-06-01;1100155;11,88
2021-06-01;1100189;6,23
2021-06-01;1100205;22,37
2021-06-01;1100254;15,53
2021-06-01;1100262;9,46
2021-06-01;1100288;10,51
2021-06-01;1100296;3,36
2021-06-01;1100304;15,48
2021-06-01;1100320;2,92
2021-06-01;1100338;9,62
2021-06-01;1100346;9,94
2021-06-01;1100379;7,83
2021-06-01;1100403;3,88
2021-06-01;1100452;10,53
2021-06-01;1100502;8,84
2021-06-01;1100601;9,01
2021-06-01;1100700;10,9
2021-06-01;1100809;10,48
2021-06-01;1100908;8,3
2021-06-01;1100924;1,39
2021-06-01;1100940;6,05
2021-06-01;1101005;1,67
2021-06-01;1101104;11,26
2021-06-01;1101203;4,74
2021-06-01;1101302;16,92
2021-06-01;1101401;2,39
2021-06-01;1101435;6,87
2021-06-01;1101450;1,26
2021-06-01;1101468;4,61
2021-06-01;1101476;7,96
2021-06-01;1101484;3,22
2021-06-01;1101492;9,44
2021-06-01;1101500;9,05
2021-06-01;1101559;3,12
2021-06-01;1101609;3,29
2021-06-01;1101708;6,54
2021-06-01;1101757;3,68
2021-06-01;1101807;6,82
2021-06-01;5100102;4,56
2021-06-01;5100201;10,77
2021-06-01;5100250;21,29
2021-06-01;5100300;3,65
2021-06-01;5100359;4,63
2021-06-01;5100409;7,98
2021-06-01;5100508;4,27
2021-06-01;5100607;3,31
2021-06-01;5100805;8,28
2021-06-01;5101001;16,37
2021-06-01;5101209;9,51
2021-06-01;5101258;6,87
2021-06-01;5101308;22,53
2021-06-01;5101407;10,53
2021-06-01;5101605;5,78
2021-06-01;5101704;8,9
2021-06-01;5101803;13,22
2021-06-01;5101852;2,55
2021-06-01;5101902;9,54
2021-06-01;5102504;13,4
2021-06-01;5102603;3,37
2021-06-01;5102637;9,23
2021-06-01;5102678;8,86
2021-06-01;5102686;8,84
2021-06-01;5102694;1,23
2021-06-01;5102702;8,57
2021-06-01;5102793;11,44
2021-06-01;5102850;7,42
2021-06-01;5103007;16,05
2021-06-01;5103056;12,77
2021-06-01;5103106;16,74
2021-06-01;5103205;16,95
2021-06-01;5103254;1,67
2021-06-01;5103304;5,34
2021-06-01;5103353;21,7
2021-06-01;5103361;4,78
2021-06-01;5103379;2,69
2021-06-01;5103403;28,85
2021-06-01;5103437;3,03
2021-06-01;5103452;2,98
2021-06-01;5103502;20,71
2021-06-01;5103601;7,05
2021-06-01;5103700;1,21
2021-06-01;5103809;9,7
2021-06-01;5103858;9,18
2021-06-01;5103908;3,79
2021-06-01;5103957;14,39
2021-06-01;5104104;10,38
2021-06-01;5104203;3,16
2021-06-01;5104500;1,84
2021-06-01;5104526;11,02
2021-06-01;5104542;5,77
2021-06-01;5104559;24,06
2021-06-01;5104609;4,82
2021-06-01;5104807;11,12
2021-06-01;5104906;3,95
2021-06-01;5105002;10,11
2021-06-01;5105101;11,63
2021-06-01;5105150;10,28
2021-06-01;5105176;4,82
2021-06-01;5105200;4,35
2021-06-01;5105234;5,29
2021-06-01;5105259;19,23
2021-06-01;5105309;3,6
2021-06-01;5105507;4,47
2021-06-01;5105580;4,24
2021-06-01;5105606;14,91
2021-06-01;5105622;8,02
2021-06-01;5105903;5,03
2021-06-01;5106000;14,96
2021-06-01;5106109;7,9
2021-06-01;5106158;5,29
2021-06-01;5106174;5,85
2021-06-01;5106182;4,67
2021-06-01;5106190;17,71
2021-06-01;5106208;8,96
2021-06-01;5106216;18,14
2021-06-01;5106224;21,87
2021-06-01;5106232;3,43
2021-06-01;5106240;3,86
2021-06-01;5106257;7,56
2021-06-01;5106265;1,5
2021-06-01;5106273;2,99
2021-06-01;5106281;4,58
2021-06-01;5106299;6,21
2021-06-01;5106307;10,47
2021-06-01;5106315;2,48
2021-06-01;5106372;4,71
2021-06-01;5106422;14,92
2021-06-01;5106455;6,34
2021-06-01;5106505;6,17
2021-06-01;5106653;6,78
2021-06-01;5106703;3,87
2021-06-01;5106752;8,97
2021-06-01;5106778;1,82
2021-06-01;5106802;10,2
2021-06-01;5106828;8,07
2021-06-01;5106851;10,67
2021-06-01;5107008;0,93
2021-06-01;5107040;27,92
2021-06-01;5107065;13,58
2021-06-01;5107107;12,72
2021-06-01;5107156;4,78
2021-06-01;5107180;4,85
2021-06-01;5107198;15,28
2021-06-01;5107206;7,46
2021-06-01;5107248;3,35
2021-06-01;5107263;4,31
2021-06-01;5107297;12,79
2021-06-01;5107305;14,67
2021-06-01;5107354;2,4
2021-06-01;5107404;1,7
2021-06-01;5107578;1,73
2021-06-01;5107602;21,77
2021-06-01;5107701;5,24
2021-06-01;5107743;1,63
2021-06-01;5107750;6,01
2021-06-01;5107768;12,58
2021-06-01;5107776;0,89
2021-06-01;5107792;10,63
2021-06-01;5107800;8,15
2021-06-01;5107859;5,98
2021-06-01;5107875;7,95
2021-06-01;5107883;3,04
2021-06-01;5107909;33,79
2021-06-01;5107925;21,59
2021-06-01;5107941;15,21
2021-06-01;5107958;19,68
2021-06-01;5108006;15,07
2021-06-01;5108055;13,36
2021-06-01;5108105;7,61
2021-06-01;5108204;86,97
2021-06-01;5108303;9,68
2021-06-01;5108352;7,65
2021-06-01;5108402;13,73
2021-06-01;5108501;2,36
2021-06-01;5108600;5,89
2021-06-01;5108808;1,93
2021-06-01;5108857;16,56
2021-06-01;5108907;4,06
2021-06-01;5108956;4,4
2021-05-01;1100015;7,51
2021-05-01;1100023;13,5
2021-05-01;1100031;1,33
2021-05-01;1100049;14,31
2021-05-01;1100056;7,16
2021-05-01;1100064;2,37
2021-05-01;1100072;1,83
2021-05-01;1100080;2,71
2021-05-01;1100098;8,99
2021-05-01;1100106;5,91
2021-05-01;1100114;14,76
2021-05-01;1100122;17,06
2021-05-01;1100130;5,94
2021-05-01;1100148;12,13
2021-05-01;1100155;12,17
2021-05-01;1100189;5,43
2021-05-01;1100205;21,99
2021-05-01;1100254;13,77
2021-05-01;1100262;9,02
2021-05-01;1100288;10,54
2021-05-01;1100296;3,12
2021-05-01;1100304;13,75
2021-05-01;1100320;2,93
2021-05-01;1100338;9,62
2021-05-01;1100346;9,95
2021-05-01;1100379;7,62
2021-05-01;1100403;4,06
2021-05-01;1100452;10,22
2021-05-01;1100502;8,76
2021-05-01;1100601;8,15
2021-05-01;1100700;10,86
2021-05-01;1100809;10,48
2021-05-01;1100908;7,83
2021-05-01;1100924;1,4
2021-05-01;1100940;6,19
2021-05-01;1101005;1,76
2021-05-01;1101104;11,31
2021-05-01;1101203;5,07
2021-05-01;1101302;2,87
2021-05-01;1101401;2,49
2021-05-01;1101435;7,47
2021-05-01;1101450;5,21
2021-05-01;1101468;4,75
2021-05-01;1101476;5,8
2021-05-01;1101484;3,1
2021-05-01;1101492;8,16
2021-05-01;1101500;8,92
2021-05-01;1101559;3,24
2021-05-01;1101609;3,17
2021-05-01;1101708;6,39
2021-05-01;1101757;3,64
2021-05-01;1101807;6,63
2021-05-01;5100102;4,52
2021-05-01;5100201;8,5
2021-05-01;5100250;21,29
2021-05-01;5100300;3,69
2021-05-01;5100359;5,85
2021-05-01;5100409;8,07
2021-05-01;5100508;4,21
2021-05-01;5100607;3,46
2021-05-01;5100805;7,79
2021-05-01;5101001;16,28
2021-05-01;5101209;8,99
2021-05-01;5101258;6,89
2021-05-01;5101308;21,03
2021-05-01;5101407;10,55
2021-05-01;5101605;5,76
2021-05-01;5101704;8,6
2021-05-01;5101803;14,03
2021-05-01;5101852;2,62
2021-05-01;5101902;9,14
2021-05-01;5102504;4,37
2021-05-01;5102603;3,4
2021-05-01;5102637;8,67
2021-05-01;5102678;9,52
2021-05-01;5102686;8,32
2021-05-01;5102694;1,23
2021-05-01;5102702;8,72
2021-05-01;5102793;10,41
2021-05-01;5102850;6,52
2021-05-01;5103007;15,68
2021-05-01;5103056;12,59
2021-05-01;5103106;16,65
2021-05-01;5103205;17,28
2021-05-01;5103254;2,73
2021-05-01;5103304;5,4
2021-05-01;5103353;4,07
2021-05-01;5103361;4,85
2021-05-01;5103379;2,81
2021-05-01;5103403;28,72
2021-05-01;5103437;3,03
2021-05-01;5103452;3,25
2021-05-01;5103502;19,05
2021-05-01;5103601;7,05
2021-05-01;5103700;1,14
2021-05-01;5103809;9,73
2021-05-01;5103858;10,67
2021-05-01;5103908;3,79
2021-05-01;5103957;13,07
2021-05-01;5104104;10,35
2021-05-01;5104203;2,89
2021-05-01;5104500;1,91
2021-05-01;5104526;10,54
2021-05-01;5104542;5,9
2021-05-01;5104559;23,73
2021-05-01;5104609;5,56
2021-05-01;5104807;10,93
2021-05-01;5104906;4,0
2021-05-01;5105002;10,24
2021-05-01;5105101;10,84
2021-05-01;5105150;12,86
2021-05-01;5105176;4,87
2021-05-01;5105200;3,96
2021-05-01;5105234;5,29
2021-05-01;5105259;19,15
2021-05-01;5105309;3,6
2021-05-01;5105507;4,45
2021-05-01;5105580;4,27
2021-05-01;5105606;16,9
2021-05-01;5105622;7,36
2021-05-01;5105903;5,03
2021-05-01;5106000;14,59
2021-05-01;5106109;7,46
2021-05-01;5106158;5,39
2021-05-01;5106174;5,85
2021-05-01;5106182;5,11
2021-05-01;5106190;17,85
2021-05-01;5106208;8,8
2021-05-01;5106216;17,93
2021-05-01;5106224;20,06
2021-05-01;5106232;3,49
2021-05-01;5106240;3,98
2021-05-01;5106257;7,7
2021-05-01;5106265;2,41
2021-05-01;5106273;2,64
2021-05-01;5106281;4,6
2021-05-01;5106299;5,38
2021-05-01;5106307;11,29
2021-05-01;5106315;2,44
2021-05-01;5106372;5,48
2021-05-01;5106422;14,94
2021-05-01;5106455;6,34
2021-05-01;5106505;6,06
2021-05-01;5106653;6,81
2021-05-01;5106703;4,13
2021-05-01;5106752;10,18
2021-05-01;5106778;1,84
2021-05-01;5106802;10,05
2021-05-01;5106828;7,56
2021-05-01;5106851;9,91
2021-05-01;5107008;0,92
2021-05-01;5107040;27,29
2021-05-01;5107065;13,1
2021-05-01;5107107;12,3
2021-05-01;5107156;4,74
2021-05-01;5107180;4,94
2021-05-01;5107198;15,07
2021-05-01;5107206;7,48
2021-05-01;5107248;3,57
2021-05-01;5107263;4,6
2021-05-01;5107297;12,09
2021-05-01;5107305;12,42
2021-05-01;5107354;2,35
2021-05-01;5107404;1,74
2021-05-01;5107578;1,59
2021-05-01;5107602;22,07
2021-05-01;5107701;5,37
2021-05-01;5107743;1,79
2021-05-01;5107750;6,1
2021-05-01;5107768;11,15
2021-05-01;5107776;0,9
2021-05-01;5107792;10,42
2021-05-01;5107800;8,12
2021-05-01;5107859;6,16
2021-05-01;5107875;8,4
2021-05-01;5107883;3,16
2021-05-01;5107909;33,36
2021-05-01;5107925;21,48
2021-05-01;5107941;14,66
2021-05-01;5107958;18,66
2021-05-01;5108006;12,3
2021-05-01;5108055;12,33
2021-05-01;5108105;7,85
2021-05-01;5108204;85,54
2021-05-01;5108303;8,91
2021-05-01;5108352;7,65
2021-05-01;5108402;13,26
2021-05-01;5108501;2,2
2021-05-01;5108600;8,33
2021-05-01;5108808;1,9
2021-05-01;5108857;15,8
2021-05-01;5108907;4,11
2021-05-01;5108956;5,23
2021-04-01;1100015;6,96
2021-04-01;1100023;13,71
2021-04-01;1100031;1,39
2021-04-01;1100049;10,48
2021-04-01;1100056;5,76
2021-04-01;1100064;2,42
2021-04-01;1100072;1,83
2021-04-01;1100080;2,79
2021-04-01;1100098;5,04
2021-04-01;1100106;3,82
2021-04-01;1100114;15,02
2021-04-01;1100122;16,19
2021-04-01;1100130;5,91
2021-04-01;1100148;11,79
2021-04-01;1100155;12,12
2021-04-01;1100189;2,6
2021-04-01;1100205;21,53
2021-04-01;1100254;12,15
2021-04-01;1100262;8,81
2021-04-01;1100288;6,22
2021-04-01;1100296;3,07
2021-04-01;1100304;12,52
2021-04-01;1100320;3,83
2021-04-01;1100338;9,19
2021-04-01;1100346;9,85
2021-04-01;1100379;7,73
2021-04-01;1100403;4,17
2021-04-01;1100452;8,63
2021-04-01;1100502;9,04
2021-04-01;1100601;7,11
2021-04-01;1100700;10,65
2021-04-01;1100809;10,41
2021-04-01;1100908;7,1
2021-04-01;1100924;1,28
2021-04-01;1100940;3,67
2021-04-01;1101005;1,77
2021-04-01;1101104;10,96
2021-04-01;1101203;4,12
2021-04-01;1101302;7,32
2021-04-01;1101401;2,6
2021-04-01;1101435;5,98
2021-04-01;1101450;4,87
2021-04-01;1101468;3,96
2021-04-01;1101476;5,69
2021-04-01;1101484;3,61
2021-04-01;1101492;7,6
2021-04-01;1101500;12,37
2021-04-01;1101559;3,17
2021-04-01;1101609;3,2
2021-04-01;1101708;8,86
2021-04-01;1101757;3,65
2021-04-01;1101807;6,54
2021-04-01;5100102;4,48
2021-04-01;5100201;8,38
2021-04-01;5100250;21,65
2021-04-01;5100300;3,66
2021-04-01;5100359;5,09
2021-04-01;5100409;8,39
2021-04-01;5100508;3,61
2021-04-01;5100607;3,62
2021-04-01;5100805;10,26
2021-04-01;5101001;16,44
2021-04-01;5101209;9,2
2021-04-01;5101258;6,94
2021-04-01;5101308;20,81
2021-04-01;5101407;11,26
2021-04-01;5101605;5,62
2021-04-01;5101704;8,19
2021-04-01;5101803;13,73
2021-04-01;5101852;2,86
2021-04-01;5101902;8,55
2021-04-01;5102504;12,99
2021-04-01;5102603;3,3
2021-04-01;5102637;8,32
2021-04-01;5102678;8,97
2021-04-01;5102686;8,61
2021-04-01;5102694;9,05
2021-04-01;5102702;8,12
2021-04-01;5102793;10,28
2021-04-01;5102850;6,53
2021-04-01;5103007;14,98
2021-04-01;5103056;12,41
2021-04-01;5103106;17,57
2021-04-01;5103205;17,04
2021-04-01;5103254;2,77
2021-04-01;5103304;5,19
2021-04-01;5103353;17,8
2021-04-01;5103361;4,54
2021-04-01;5103379;2,31
2021-04-01;5103403;28,07
2021-04-01;5103437;3,11
2021-04-01;5103452;3,3
2021-04-01;5103502;16,55
2021-04-01;5103601;7,19
2021-04-01;5103700;1,07
2021-04-01;5103809;7,27
2021-04-01;5103858;10,42
2021-04-01;5103908;17,6
2021-04-01;5103957;12,2
2021-04-01;5104104;10,5
2021-04-01;5104203;2,88
2021-04-01;5104500;1,91
2021-04-01;5104526;9,19
2021-04-01;5104542;5,4
2021-04-01;5104559;22,89
2021-04-01;5104609;5,23
2021-04-01;5104807;9,29
2021-04-01;5104906;4,15
2021-04-01;5105002;10,25
2021-04-01;5105101;9,87
2021-04-01;5105150;8,74
2021-04-01;5105176;4,87
2021-04-01;5105200;4,64
2021-04-01;5105234;5,33
2021-04-01;5105259;16,77
2021-04-01;5105309;3,6
2021-04-01;5105507;4,31
2021-04-01;5105580;4,24
2021-04-01;5105606;13,94
2021-04-01;5105622;6,81
2021-04-01;5105903;4,99
2021-04-01;5106000;13,71
2021-04-01;5106109;6,74
2021-04-01;5106158;5,56
2021-04-01;5106174;5,6
2021-04-01;5106182;2,61
2021-04-01;5106190;17,31
2021-04-01;5106208;8,57
2021-04-01;5106216;17,08
2021-04-01;5106224;20,44
2021-04-01;5106232;3,49
2021-04-01;5106240;3,06
2021-04-01;5106257;7,61
2021-04-01;5106265;2,1
2021-04-01;5106273;2,64
2021-04-01;5106281;4,6
2021-04-01;5106299;4,55
2021-04-01;5106307;7,24
2021-04-01;5106315;2,44
2021-04-01;5106372;3,41
2021-04-01;5106422;9,66
2021-04-01;5106455;5,81
2021-04-01;5106505;5,78
2021-04-01;5106653;6,94
2021-04-01;5106703;4,13
2021-04-01;5106752;10,74
2021-04-01;5106778;14,62
2021-04-01;5106802;9,94
2021-04-01;5106828;6,17
2021-04-01;5106851;8,9
2021-04-01;5107008;0,87
2021-04-01;5107040;26,94
2021-04-01;5107065;12,29
2021-04-01;5107107;12,34
2021-04-01;5107156;4,59
2021-04-01;5107180;4,82
2021-04-01;5107198;13,58
2021-04-01;5107206;6,43
2021-04-01;5107248;3,86
2021-04-01;5107263;4,72
2021-04-01;5107297;11,57
2021-04-01;5107305;12,6
2021-04-01;5107354;2,21
2021-04-01;5107404;1,82
2021-04-01;5107578;0,87
2021-04-01;5107602;20,93
2021-04-01;5107701;5,19
2021-04-01;5107743;1,6
2021-04-01;5107750;6,16
2021-04-01;5107768;12,01
2021-04-01;5107776;0,96
2021-04-01;5107792;10,29
2021-04-01;5107800;8,03
2021-04-01;5107859;7,99
2021-04-01;5107875;7,82
2021-04-01;5107883;3,28
2021-04-01;5107909;32,76
2021-04-01;5107925;18,74
2021-04-01;5107941;14,55
2021-04-01;5107958;18,17
2021-04-01;5108006;11,11
2021-04-01;5108055;11,58
2021-04-01;5108105;7,35
2021-04-01;5108204;8,32
2021-04-01;5108303;8,97
2021-04-01;5108352;7,45
2021-04-01;5108402;12,81
2021-04-01;5108501;2,21
2021-04-01;5108600;10,14
2021-04-01;5108808;1,93
2021-04-01;5108857;13,89
2021-04-01;5108907;2,87
2021-04-01;5108956;5,47
2021-03-01;1100015;6,99
2021-03-01;1100023;12,29
2021-03-01;1100031;1,41
2021-03-01;1100049;12,77
2021-03-01;1100056;5,78
2021-03-01;1100064;2,5
2021-03-01;1100072;1,93
2021-03-01;1100080;2,83
2021-03-01;1100098;5,52
2021-03-01;1100106;3,85
2021-03-01;1100114;16,45
2021-03-01;1100122;16,67
2021-03-01;1100130;5,53
2021-03-01;1100148;11,55
2021-03-01;1100155;15,58
2021-03-01;1100189;3,14
2021-03-01;1100205;21,27
2021-03-01;1100254;10,82
2021-03-01;1100262;8,39
2021-03-01;1100288;6,36
2021-03-01;1100296;14,06
2021-03-01;1100304;13,02
2021-03-01;1100320;4,14
2021-03-01;1100338;5,03
2021-03-01;1100346;9,33
2021-03-01;1100379;8,12
2021-03-01;1100403;4,09
2021-03-01;1100452;7,29
2021-03-01;1100502;9,21
2021-03-01;1100601;7,15
2021-03-01;1100700;10,33
2021-03-01;1100809;10,21
2021-03-01;1100908;7,8
2021-03-01;1100924;1,33
2021-03-01;1100940;3,65
2021-03-01;1101005;1,84
2021-03-01;1101104;10,83
2021-03-01;1101203;4,77
2021-03-01;1101302;4,26
2021-03-01;1101401;2,74
2021-03-01;1101435;6,63
2021-03-01;1101450;4,68
2021-03-01;1101468;3,96
2021-03-01;1101476;5,3
2021-03-01;1101484;3,41
2021-03-01;1101492;7,91
2021-03-01;1101500;12,4
2021-03-01;1101559;3,38
2021-03-01;1101609;3,23
2021-03-01;1101708;6,1
2021-03-01;1101757;3,74
2021-03-01;1101807;9,15
2021-03-01;5100102;4,54
2021-03-01;5100201;8,12
2021-03-01;5100250;21,39
2021-03-01;5100300;3,62
2021-03-01;5100359;4,99
2021-03-01;5100409;8,21
2021-03-01;5100508;3,67
2021-03-01;5100607;3,76
2021-03-01;5100805;6,24
2021-03-01;5101001;16,89
2021-03-01;5101209;9,51
2021-03-01;5101258;7,05
2021-03-01;5101308;19,37
2021-03-01;5101407;10,19
2021-03-01;5101605;5,65
2021-03-01;5101704;7,94
2021-03-01;5101803;14,38
2021-03-01;5101852;2,82
2021-03-01;5101902;8,05
2021-03-01;5102504;8,72
2021-03-01;5102603;3,49
2021-03-01;5102637;8,26
2021-03-01;5102678;8,17
2021-03-01;5102686;8,64
2021-03-01;5102694;8,74
2021-03-01;5102702;10,81
2021-03-01;5102793;9,76
2021-03-01;5102850;6,38
2021-03-01;5103007;14,8
2021-03-01;5103056;3,23
2021-03-01;5103106;17,27
2021-03-01;5103205;16,89
2021-03-01;5103254;1,81
2021-03-01;5103304;5,21
2021-03-01;5103353;16,15
2021-03-01;5103361;4,63
2021-03-01;5103379;1,48
2021-03-01;5103403;27,89
2021-03-01;5103437;3,09
2021-03-01;5103452;3,08
2021-03-01;5103502;16,39
2021-03-01;5103601;7,04
2021-03-01;5103700;1,06
2021-03-01;5103809;8,14
2021-03-01;5103858;10,22
2021-03-01;5103908;17,67
2021-03-01;5103957;11,3
2021-03-01;5104104;4,5
2021-03-01;5104203;2,78
2021-03-01;5104500;1,87
2021-03-01;5104526;11,96
2021-03-01;5104542;5,19
2021-03-01;5104559;12,12
2021-03-01;5104609;3,74
2021-03-01;5104807;11,05
2021-03-01;5104906;4,28
2021-03-01;5105002;10,16
2021-03-01;5105101;9,57
2021-03-01;5105150;8,58
2021-03-01;5105176;4,39
2021-03-01;5105200;3,38
2021-03-01;5105234;5,42
2021-03-01;5105259;18,61
2021-03-01;5105309;3,6
2021-03-01;5105507;4,33
2021-03-01;5105580;4,09
2021-03-01;5105606;5,6
2021-03-01;5105622;7,06
2021-03-01;5105903;5,11
2021-03-01;5106000;12,68
2021-03-01;5106109;6,77
2021-03-01;5106158;3,13
2021-03-01;5106174;5,65
2021-03-01;5106182;2,71
2021-03-01;5106190;9,85
2021-03-01;5106208;8,59
2021-03-01;5106216;16,55
2021-03-01;5106224;18,69
2021-03-01;5106232;2,99
2021-03-01;5106240;3,05
2021-03-01;5106257;7,7
2021-03-01;5106265;2,0
2021-03-01;5106273;2,54
2021-03-01;5106281;4,62
2021-03-01;5106299;4,48
2021-03-01;5106307;6,8
2021-03-01;5106315;2,48
2021-03-01;5106372;5,34
2021-03-01;5106422;4,43
2021-03-01;5106455;5,74
2021-03-01;5106505;5,78
2021-03-01;5106653;7,12
2021-03-01;5106703;3,81
2021-03-01;5106752;10,44
2021-03-01;5106778;14,57
2021-03-01;5106802;4,89
2021-03-01;5106828;5,45
2021-03-01;5106851;6,88
2021-03-01;5107008;0,74
2021-03-01;5107040;25,07
2021-03-01;5107065;10,38
2021-03-01;5107107;11,99
2021-03-01;5107156;4,59
2021-03-01;5107180;4,88
2021-03-01;5107198;13,63
2021-03-01;5107206;6,47
2021-03-01;5107248;3,53
2021-03-01;5107263;5,01
2021-03-01;5107297;11,19
2021-03-01;5107305;11,84
2021-03-01;5107354;2,21
2021-03-01;5107404;1,82
2021-03-01;5107578;1,44
2021-03-01;5107602;20,32
2021-03-01;5107701;5,36
2021-03-01;5107743;1,94
2021-03-01;5107750;6,31
2021-03-01;5107768;11,69
2021-03-01;5107776;0,96
2021-03-01;5107792;10,31
2021-03-01;5107800;8,11
2021-03-01;5107859;7,92
2021-03-01;5107875;7,39
2021-03-01;5107883;3,28
2021-03-01;5107909;28,79
2021-03-01;5107925;18,78
2021-03-01;5107941;14,37
2021-03-01;5107958;18,52
2021-03-01;5108006;7,33
2021-03-01;5108055;10,3
2021-03-01;5108105;7,03
2021-03-01;5108204;8,29
2021-03-01;5108303;6,93
2021-03-01;5108352;7,17
2021-03-01;5108402;12,86
2021-03-01;5108501;2,17
2021-03-01;5108600;9,21
2021-03-01;5108808;1,95
2021-03-01;5108857;13,26
2021-03-01;5108907;2,94
2021-03-01;5108956;4,85
2021-02-01;1100015;7,27
2021-02-01;1100023;11,7
2021-02-01;1100031;1,46
2021-02-01;1100049;12,34
2021-02-01;1100056;5,9
2021-02-01;1100064;2,57
2021-02-01;1100072;2,04
2021-02-01;1100080;2,81
2021-02-01;1100098;3,27
2021-02-01;1100106;3,94
2021-02-01;1100114;14,69
2021-02-01;1100122;16,19
2021-02-01;1100130;5,57
2021-02-01;1100148;11,31
2021-02-01;1100155;12,14
2021-02-01;1100189;3,5
2021-02-01;1100205;20,83
2021-02-01;1100254;10,0
2021-02-01;1100262;7,68
2021-02-01;1100288;11,11
2021-02-01;1100296;14,27
2021-02-01;1100304;12,27
2021-02-01;1100320;4,54
2021-02-01;1100338;5,12
2021-02-01;1100346;8,68
2021-02-01;1100379;7,02
2021-02-01;1100403;4,29
2021-02-01;1100452;7,11
2021-02-01;1100502;9,17
2021-02-01;1100601;2,86
2021-02-01;1100700;10,16
2021-02-01;1100809;10,03
2021-02-01;1100908;5,26
2021-02-01;1100924;1,39
2021-02-01;1100940;3,63
2021-02-01;1101005;1,97
2021-02-01;1101104;10,37
2021-02-01;1101203;4,66
2021-02-01;1101302;4,83
2021-02-01;1101401;2,9
2021-02-01;1101435;5,82
2021-02-01;1101450;4,71
2021-02-01;1101468;3,96
2021-02-01;1101476;2,23
2021-02-01;1101484;0,32
2021-02-01;1101492;8,19
2021-02-01;1101500;12,29
2021-02-01;1101559;2,32
2021-02-01;1101609;3,27
2021-02-01;1101708;5,39
2021-02-01;1101757;3,83
2021-02-01;1101807;7,84
2021-02-01;5100102;4,61
2021-02-01;5100201;7,9
2021-02-01;5100250;21,08
2021-02-01;5100300;3,76
2021-02-01;5100359;5,07
2021-02-01;5100409;4,73
2021-02-01;5100508;3,56
2021-02-01;5100607;4,0
2021-02-01;5100805;5,59
2021-02-01;5101001;16,76
2021-02-01;5101209;10,89
2021-02-01;5101258;7,21
2021-02-01;5101308;15,84
2021-02-01;5101407;24,7
2021-02-01;5101605;5,29
2021-02-01;5101704;6,77
2021-02-01;5101803;14,57
2021-02-01;5101852;2,65
2021-02-01;5101902;6,38
2021-02-01;5102504;8,98
2021-02-01;5102603;3,36
2021-02-01;5102637;8,37
2021-02-01;5102678;7,92
2021-02-01;5102686;7,1
2021-02-01;5102694;1,27
2021-02-01;5102702;11,28
2021-02-01;5102793;9,4
2021-02-01;5102850;5,12
2021-02-01;5103007;14,84
2021-02-01;5103056;3,34
2021-02-01;5103106;16,85
2021-02-01;5103205;16,56
2021-02-01;5103254;1,71
2021-02-01;5103304;5,21
2021-02-01;5103353;10,71
2021-02-01;5103361;4,71
2021-02-01;5103379;268,3
2021-02-01;5103403;27,67
2021-02-01;5103437;3,11
2021-02-01;5103452;3,13
2021-02-01;5103502;15,01
2021-02-01;5103601;6,97
2021-02-01;5103700;1,07
2021-02-01;5103809;9,15
2021-02-01;5103858;10,33
2021-02-01;5103908;17,65
2021-02-01;5103957;12,0
2021-02-01;5104104;4,29
2021-02-01;5104203;2,81
2021-02-01;5104500;1,87
2021-02-01;5104526;14,14
2021-02-01;5104542;5,27
2021-02-01;5104559;12,2
2021-02-01;5104609;4,92
2021-02-01;5104807;10,69
2021-02-01;5104906;4,41
2021-02-01;5105002;10,57
2021-02-01;5105101;8,76
2021-02-01;5105150;7,42
2021-02-01;5105176;4,48
2021-02-01;5105200;3,5
2021-02-01;5105234;5,43
2021-02-01;5105259;16,7
2021-02-01;5105309;3,6
2021-02-01;5105507;4,37
2021-02-01;5105580;4,14
2021-02-01;5105606;5,3
2021-02-01;5105622;7,23
2021-02-01;5105903;5,26
2021-02-01;5106000;9,66
2021-02-01;5106109;6,59
2021-02-01;5106158;49,03
2021-02-01;5106174;5,24
2021-02-01;5106182;2,96
2021-02-01;5106190;9,9
2021-02-01;5106208;8,62
2021-02-01;5106216;15,73
2021-02-01;5106224;27,16
2021-02-01;5106232;3,08
2021-02-01;5106240;9,34
2021-02-01;5106257;7,6
2021-02-01;5106265;1,44
2021-02-01;5106273;2,76
2021-02-01;5106281;4,72
2021-02-01;5106299;4,51
2021-02-01;5106307;7,5
2021-02-01;5106315;2,4
2021-02-01;5106372;2,65
2021-02-01;5106422;4,71
2021-02-01;5106455;6,53
2021-02-01;5106505;5,36
2021-02-01;5106653;7,1
2021-02-01;5106703;4,26
2021-02-01;5106752;10,19
2021-02-01;5106778;1,94
2021-02-01;5106802;2,98
2021-02-01;5106828;5,17
2021-02-01;5106851;7,89
2021-02-01;5107008;0,71
2021-02-01;5107040;24,62
2021-02-01;5107065;10,83
2021-02-01;5107107;12,35
2021-02-01;5107156;4,67
2021-02-01;5107180;3,77
2021-02-01;5107198;13,05
2021-02-01;5107206;6,52
2021-02-01;5107248;3,66
2021-02-01;5107263;5,04
2021-02-01;5107297;11,71
2021-02-01;5107305;11,93
2021-02-01;5107354;2,28
2021-02-01;5107404;1,84
2021-02-01;5107578;1,26
2021-02-01;5107602;19,7
2021-02-01;5107701;5,39
2021-02-01;5107743;1,94
2021-02-01;5107750;6,37
2021-02-01;5107768;27,92
2021-02-01;5107776;0,83
2021-02-01;5107792;10,82
2021-02-01;5107800;7,68
2021-02-01;5107859;4,98
2021-02-01;5107875;7,83
2021-02-01;5107883;3,28
2021-02-01;5107909;28,36
2021-02-01;5107925;19,07
2021-02-01;5107941;14,36
2021-02-01;5107958;17,33
2021-02-01;5108006;9,03
2021-02-01;5108055;10,39
2021-02-01;5108105;6,93
2021-02-01;5108204;7,61
2021-02-01;5108303;7,08
2021-02-01;5108352;7,33
2021-02-01;5108402;13,07
2021-02-01;5108501;2,22
2021-02-01;5108600;6,16
2021-02-01;5108808;1,97
2021-02-01;5108857;9,87
2021-02-01;5108907;2,95
2021-02-01;5108956;4,88
2021-01-01;1100015;7,27
2021-01-01;1100023;11,87
2021-01-01;1100031;1,48
2021-01-01;1100049;12,74
2021-01-01;1100056;5,81
2021-01-01;1100064;2,68
2021-01-01;1100072;2,12
2021-01-01;1100080;2,85
2021-01-01;1100098;5,15
2021-01-01;1100106;4,02
2021-01-01;1100114;15,12
2021-01-01;1100122;15,75
2021-01-01;1100130;5,51
2021-01-01;1100148;11,08
2021-01-01;1100155;13,64
2021-01-01;1100189;3,62
2021-01-01;1100205;20,62
2021-01-01;1100254;9,39
2021-01-01;1100262;6,65
2021-01-01;1100288;10,84
2021-01-01;1100296;14,08
2021-01-01;1100304;11,65
2021-01-01;1100320;4,55
2021-01-01;1100338;5,11
2021-01-01;1100346;8,73
2021-01-01;1100379;8,56
2021-01-01;1100403;4,44
2021-01-01;1100452;6,79
2021-01-01;1100502;8,9
2021-01-01;1100601;6,89
2021-01-01;1100700;10,21
2021-01-01;1100809;9,98
2021-01-01;1100908;5,49
2021-01-01;1100924;1,44
2021-01-01;1100940;3,57
2021-01-01;1101005;2,16
2021-01-01;1101104;10,63
2021-01-01;1101203;4,54
2021-01-01;1101302;4,93
2021-01-01;1101401;3,0
2021-01-01;1101435;6,86
2021-01-01;1101450;4,76
2021-01-01;1101468;2,61
2021-01-01;1101476;6,09
2021-01-01;1101484;4,36
2021-01-01;1101492;8,2
2021-01-01;1101500;12,11
2021-01-01;1101559;2,27
2021-01-01;1101609;3,25
2021-01-01;1101708;4,64
2021-01-01;1101757;3,88
2021-01-01;1101807;7,99
2021-01-01;5100102;4,74
2021-01-01;5100201;9,13
2021-01-01;5100250;20,56
2021-01-01;5100300;3,94
2021-01-01;5100359;5,29
2021-01-01;5100409;5,06
2021-01-01;5100508;3,27
2021-01-01;5100607;4,19
2021-01-01;5100805;3,52
2021-01-01;5101001;2,67
2021-01-01;5101209;11,1
2021-01-01;5101258;7,29
2021-01-01;5101308;14,0
2021-01-01;5101407;8,81
2021-01-01;5101605;5,37
2021-01-01;5101704;6,18
2021-01-01;5101803;17,46
2021-01-01;5101852;2,7
2021-01-01;5101902;4,93
2021-01-01;5102504;13,99
2021-01-01;5102603;2,44
2021-01-01;5102637;8,38
2021-01-01;5102678;7,75
2021-01-01;5102686;7,1
2021-01-01;5102694;1,18
2021-01-01;5102702;10,54
2021-01-01;5102793;8,82
2021-01-01;5102850;3,97
2021-01-01;5103007;15,0
2021-01-01;5103056;3,44
2021-01-01;5103106;15,84
2021-01-01;5103205;16,74
2021-01-01;5103254;1,68
2021-01-01;5103304;5,51
2021-01-01;5103353;9,8
2021-01-01;5103361;4,83
2021-01-01;5103379;1,36
2021-01-01;5103403;27,56
2021-01-01;5103437;3,26
2021-01-01;5103452;3,24
2021-01-01;5103502;11,9
2021-01-01;5103601;7,32
2021-01-01;5103700;0,96
2021-01-01;5103809;9,15
2021-01-01;5103858;9,95
2021-01-01;5103908;15,63
2021-01-01;5103957;11,5
2021-01-01;5104104;4,22
2021-01-01;5104203;2,93
2021-01-01;5104500;1,91
2021-01-01;5104526;14,07
2021-01-01;5104542;4,34
2021-01-01;5104559;12,45
2021-01-01;5104609;4,94
2021-01-01;5104807;10,34
2021-01-01;5104906;4,5
2021-01-01;5105002;10,53
2021-01-01;5105101;8,07
2021-01-01;5105150;6,43
2021-01-01;5105176;4,49
2021-01-01;5105200;3,95
2021-01-01;5105234;5,61
2021-01-01;5105259;15,93
2021-01-01;5105309;3,6
2021-01-01;5105507;4,45
2021-01-01;5105580;4,24
2021-01-01;5105606;11,39
2021-01-01;5105622;7,34
2021-01-01;5105903;9,88
2021-01-01;5106000;7,19
2021-01-01;5106109;6,64
2021-01-01;5106158;3,19
2021-01-01;5106174;5,52
2021-01-01;5106182;4,44
2021-01-01;5106190;10,12
2021-01-01;5106208;8,7
2021-01-01;5106216;14,54
2021-01-01;5106224;17,22
2021-01-01;5106232;4,33
2021-01-01;5106240;2,76
2021-01-01;5106257;8,42
2021-01-01;5106265;1,41
2021-01-01;5106273;2,86
2021-01-01;5106281;4,7
2021-01-01;5106299;4,53
2021-01-01;5106307;7,85
2021-01-01;5106315;2,37
2021-01-01;5106372;4,31
2021-01-01;5106422;5,62
2021-01-01;5106455;6,34
2021-01-01;5106505;5,26
2021-01-01;5106653;2,21
2021-01-01;5106703;4,9
2021-01-01;5106752;10,28
2021-01-01;5106778;1,98
2021-01-01;5106802;2,98
2021-01-01;5106828;5,59
2021-01-01;5106851;7,02
2021-01-01;5107008;0,74
2021-01-01;5107040;24,34
2021-01-01;5107065;10,34
2021-01-01;5107107;12,46
2021-01-01;5107156;4,74
2021-01-01;5107180;3,92
2021-01-01;5107198;13,38
2021-01-01;5107206;6,7
2021-01-01;5107248;3,75
2021-01-01;5107263;5,04
2021-01-01;5107297;5,75
2021-01-01;5107305;11,94
2021-01-01;5107354;2,51
2021-01-01;5107404;1,89
2021-01-01;5107578;1,41
2021-01-01;5107602;19,54
2021-01-01;5107701;5,64
2021-01-01;5107743;1,29
2021-01-01;5107750;6,59
2021-01-01;5107768;6,08
2021-01-01;5107776;0,82
2021-01-01;5107792;10,61
2021-01-01;5107800;7,74
2021-01-01;5107859;6,9
2021-01-01;5107875;8,63
2021-01-01;5107883;3,34
2021-01-01;5107909;27,95
2021-01-01;5107925;16,38
2021-01-01;5107941;14,34
2021-01-01;5107958;17,99
2021-01-01;5108006;8,93
2021-01-01;5108055;10,65
2021-01-01;5108105;6,41
2021-01-01;5108204;8,18
2021-01-01;5108303;7,22
2021-01-01;5108352;7,2
2021-01-01;5108402;13,17
2021-01-01;5108501;2,23
2021-01-01;5108600;8,71
2021-01-01;5108808;18,12
2021-01-01;5108857;7,57
2021-01-01;5108907;2,6
2021-01-01;5108956;5,07
2020-12-01;1100015;8,31
2020-12-01;1100023;12,55
2020-12-01;1100031;1,35
2020-12-01;1100049;12,59
2020-12-01;1100056;5,84
2020-12-01;1100064;2,68
2020-12-01;1100072;1,77
2020-12-01;1100080;2,71
2020-12-01;1100098;5,16
2020-12-01;1100106;4,82
2020-12-01;1100114;14,9
2020-12-01;1100122;9,34
2020-12-01;1100130;5,53
2020-12-01;1100148;10,88
2020-12-01;1100155;11,9
2020-12-01;1100189;7,42
2020-12-01;1100205;20,44
2020-12-01;1100254;8,4
2020-12-01;1100262;6,44
2020-12-01;1100288;10,76
2020-12-01;1100296;4,31
2020-12-01;1100304;12,21
2020-12-01;1100320;3,86
2020-12-01;1100338;5,12
2020-12-01;1100346;10,03
2020-12-01;1100379;7,55
2020-12-01;1100403;4,71
2020-12-01;1100452;5,58
2020-12-01;1100502;8,78
2020-12-01;1100601;2,84
2020-12-01;1100700;9,6
2020-12-01;1100809;11,11
2020-12-01;1100908;4,95
2020-12-01;1100924;1,41
2020-12-01;1100940;3,54
2020-12-01;1101005;2,26
2020-12-01;1101104;10,42
2020-12-01;1101203;4,48
2020-12-01;1101302;4,65
2020-12-01;1101401;3,1
2020-12-01;1101435;6,86
2020-12-01;1101450;7,49
2020-12-01;1101468;3,31
2020-12-01;1101476;5,55
2020-12-01;1101484;4,64
2020-12-01;1101492;6,43
2020-12-01;1101500;9,08
2020-12-01;1101559;2,13
2020-12-01;1101609;3,28
2020-12-01;1101708;4,39
2020-12-01;1101757;3,81
2020-12-01;1101807;8,61
2020-12-01;5100102;4,57
2020-12-01;5100201;7,25
2020-12-01;5100250;19,81
2020-12-01;5100300;3,95
2020-12-01;5100359;5,39
2020-12-01;5100409;5,27
2020-12-01;5100508;3,77
2020-12-01;5100607;5,29
2020-12-01;5100805;3,25
2020-12-01;5101001;2,44
2020-12-01;5101209;10,99
2020-12-01;5101258;7,34
2020-12-01;5101308;11,05
2020-12-01;5101407;8,77
2020-12-01;5101605;5,4
2020-12-01;5101704;6,78
2020-12-01;5101803;8,06
2020-12-01;5101852;2,55
2020-12-01;5101902;3,7
2020-12-01;5102504;13,7
2020-12-01;5102603;2,33
2020-12-01;5102637;10,26
2020-12-01;5102678;7,71
2020-12-01;5102686;6,34
2020-12-01;5102694;1,23
2020-12-01;5102702;10,23
2020-12-01;5102793;7,45
2020-12-01;5102850;2,99
2020-12-01;5103007;14,98
2020-12-01;5103056;3,32
2020-12-01;5103106;8,4
2020-12-01;5103205;16,22
2020-12-01;5103254;1,7
2020-12-01;5103304;5,29
2020-12-01;5103353;3,63
2020-12-01;5103361;4,71
2020-12-01;5103379;1,3
2020-12-01;5103403;27,27
2020-12-01;5103437;3,32
2020-12-01;5103452;3,29
2020-12-01;5103502;9,6
2020-12-01;5103601;7,34
2020-12-01;5103700;0,95
2020-12-01;5103809;8,89
2020-12-01;5103858;8,24
2020-12-01;5103908;1,52
2020-12-01;5103957;9,71
2020-12-01;5104104;5,09
2020-12-01;5104203;2,92
2020-12-01;5104500;4,07
2020-12-01;5104526;13,83
2020-12-01;5104542;9,4
2020-12-01;5104559;12,55
2020-12-01;5104609;5,61
2020-12-01;5104807;8,86
2020-12-01;5104906;4,38
2020-12-01;5105002;9,9
2020-12-01;5105101;7,1
2020-12-01;5105150;5,69
2020-12-01;5105176;4,52
2020-12-01;5105200;4,38
2020-12-01;5105234;5,58
2020-12-01;5105259;17,39
2020-12-01;5105309;3,35
2020-12-01;5105507;4,34
2020-12-01;5105580;5,71
2020-12-01;5105606;5,34
2020-12-01;5105622;6,38
2020-12-01;5105903;12,6
2020-12-01;5106000;5,37
2020-12-01;5106109;6,65
2020-12-01;5106158;2,83
2020-12-01;5106174;7,04
2020-12-01;5106182;2,99
2020-12-01;5106190;10,2
2020-12-01;5106208;8,88
2020-12-01;5106216;14,72
2020-12-01;5106224;17,93
2020-12-01;5106232;3,09
2020-12-01;5106240;1,54
2020-12-01;5106257;8,52
2020-12-01;5106265;3,18
2020-12-01;5106273;2,94
2020-12-01;5106281;3,46
2020-12-01;5106299;4,21
2020-12-01;5106307;7,43
2020-12-01;5106315;2,48
2020-12-01;5106372;4,53
2020-12-01;5106422;4,56
2020-12-01;5106455;6,3
2020-12-01;5106505;5,19
2020-12-01;5106653;1,89
2020-12-01;5106703;4,06
2020-12-01;5106752;6,07
2020-12-01;5106778;1,92
2020-12-01;5106802;9,08
2020-12-01;5106828;7,3
2020-12-01;5106851;6,78
2020-12-01;5107008;3,52
2020-12-01;5107040;15,61
2020-12-01;5107065;7,68
2020-12-01;5107107;13,67
2020-12-01;5107156;4,48
2020-12-01;5107180;4,96
2020-12-01;5107198;13,34
2020-12-01;5107206;9,71
2020-12-01;5107248;3,53
2020-12-01;5107263;4,91
2020-12-01;5107297;1,53
2020-12-01;5107305;9,91
2020-12-01;5107354;4,86
2020-12-01;5107404;1,72
2020-12-01;5107578;0,55
2020-12-01;5107602;19,25
2020-12-01;5107701;7,78
2020-12-01;5107743;0,38
2020-12-01;5107750;6,4
2020-12-01;5107768;11,75
2020-12-01;5107776;1,29
2020-12-01;5107792;5,62
2020-12-01;5107800;8,04
2020-12-01;5107859;5,89
2020-12-01;5107875;7,58
2020-12-01;5107883;3,34
2020-12-01;5107909;27,25
2020-12-01;5107925;16,01
2020-12-01;5107941;14,06
2020-12-01;5107958;16,3
2020-12-01;5108006;9,97
2020-12-01;5108055;11,11
2020-12-01;5108105;5,44
2020-12-01;5108204;7,5
2020-12-01;5108303;4,36
2020-12-01;5108352;7,23
2020-12-01;5108402;13,43
2020-12-01;5108501;2,18
2020-12-01;5108600;5,64
2020-12-01;5108808;17,38
2020-12-01;5108857;5,05
2020-12-01;5108907;1,95
2020-12-01;5108956;6,2
2020-11-01;1100015;4,64
2020-11-01;1100023;12,41
2020-11-01;1100031;1,35
2020-11-01;1100049;13,82
2020-11-01;1100056;5,91
2020-11-01;1100064;2,77
2020-11-01;1100072;1,81
2020-11-01;1100080;2,7
2020-11-01;1100098;5,21
2020-11-01;1100106;4,48
2020-11-01;1100114;13,35
2020-11-01;1100122;16,44
2020-11-01;1100130;5,2
2020-11-01;1100148;10,79
2020-11-01;1100155;10,25
2020-11-01;1100189;6,58
2020-11-01;1100205;20,17
2020-11-01;1100254;7,81
2020-11-01;1100262;6,52
2020-11-01;1100288;10,38
2020-11-01;1100296;7,26
2020-11-01;1100304;11,34
2020-11-01;1100320;3,44
2020-11-01;1100338;5,16
2020-11-01;1100346;9,6
2020-11-01;1100379;6,93
2020-11-01;1100403;4,64
2020-11-01;1100452;6,39
2020-11-01;1100502;8,66
2020-11-01;1100601;2,87
2020-11-01;1100700;9,31
2020-11-01;1100809;10,41
2020-11-01;1100908;4,85
2020-11-01;1100924;1,47
2020-11-01;1100940;3,47
2020-11-01;1101005;2,4
2020-11-01;1101104;9,84
2020-11-01;1101203;4,11
2020-11-01;1101302;4,57
2020-11-01;1101401;3,09
2020-11-01;1101435;6,58
2020-11-01;1101450;7,5
2020-11-01;1101468;3,17
2020-11-01;1101476;5,62
2020-11-01;1101484;4,54
2020-11-01;1101492;5,95
2020-11-01;1101500;8,61
2020-11-01;1101559;2,15
2020-11-01;1101609;3,16
2020-11-01;1101708;4,33
2020-11-01;1101757;3,63
2020-11-01;1101807;7,99
2020-11-01;5100102;4,57
2020-11-01;5100201;8,75
2020-11-01;5100250;18,44
2020-11-01;5100300;4,16
2020-11-01;5100359;4,97
2020-11-01;5100409;5,96
2020-11-01;5100508;3,84
2020-11-01;5100607;5,52
2020-11-01;5100805;2,18
2020-11-01;5101001;2,48
2020-11-01;5101209;11,63
2020-11-01;5101258;7,26
2020-11-01;5101308;11,22
2020-11-01;5101407;14,27
2020-11-01;5101605;5,35
2020-11-01;5101704;6,9
2020-11-01;5101803;17,0
2020-11-01;5101852;2,55
2020-11-01;5101902;3,69
2020-11-01;5102504;13,47
2020-11-01;5102603;2,34
2020-11-01;5102637;11,21
2020-11-01;5102678;7,65
2020-11-01;5102686;6,32
2020-11-01;5102694;1,27
2020-11-01;5102702;10,01
2020-11-01;5102793;4,86
2020-11-01;5102850;3,02
2020-11-01;5103007;14,74
2020-11-01;5103056;3,47
2020-11-01;5103106;5,9
2020-11-01;5103205;16,57
2020-11-01;5103254;3,04
2020-11-01;5103304;5,33
2020-11-01;5103353;3,9
2020-11-01;5103361;4,73
2020-11-01;5103379;1,0
2020-11-01;5103403;27,14
2020-11-01;5103437;3,43
2020-11-01;5103452;3,33
2020-11-01;5103502;9,82
2020-11-01;5103601;8,59
2020-11-01;5103700;1,14
2020-11-01;5103809;8,55
2020-11-01;5103858;9,11
2020-11-01;5103908;1,52
2020-11-01;5103957;8,51
2020-11-01;5104104;5,02
2020-11-01;5104203;3,0
2020-11-01;5104500;4,1
2020-11-01;5104526;13,93
2020-11-01;5104542;9,46
2020-11-01;5104559;12,77
2020-11-01;5104609;4,4
2020-11-01;5104807;11,08
2020-11-01;5104906;4,5
2020-11-01;5105002;10,34
2020-11-01;5105101;7,1
2020-11-01;5105150;5,81
2020-11-01;5105176;4,12
2020-11-01;5105200;5,4
2020-11-01;5105234;5,58
2020-11-01;5105259;17,39
2020-11-01;5105309;3,4
2020-11-01;5105507;4,37
2020-11-01;5105580;5,73
2020-11-01;5105606;5,94
2020-11-01;5105622;6,56
2020-11-01;5105903;12,46
2020-11-01;5106000;5,42
2020-11-01;5106109;6,68
2020-11-01;5106158;1,91
2020-11-01;5106174;5,49
2020-11-01;5106182;3,05
2020-11-01;5106190;10,22
2020-11-01;5106208;9,01
2020-11-01;5106216;14,49
2020-11-01;5106224;17,69
2020-11-01;5106232;3,19
2020-11-01;5106240;2,67
2020-11-01;5106257;8,45
2020-11-01;5106265;3,25
2020-11-01;5106273;2,99
2020-11-01;5106281;3,48
2020-11-01;5106299;1,95
2020-11-01;5106307;8,39
2020-11-01;5106315;2,48
2020-11-01;5106372;4,38
2020-11-01;5106422;4,51
2020-11-01;5106455;6,49
2020-11-01;5106505;5,29
2020-11-01;5106653;2,54
2020-11-01;5106703;4,19
2020-11-01;5106752;7,52
2020-11-01;5106778;1,92
2020-11-01;5106802;9,12
2020-11-01;5106828;5,12
2020-11-01;5106851;7,26
2020-11-01;5107008;3,64
2020-11-01;5107040;16,03
2020-11-01;5107065;7,81
2020-11-01;5107107;12,87
2020-11-01;5107156;4,48
2020-11-01;5107180;4,0
2020-11-01;5107198;12,39
2020-11-01;5107206;6,82
2020-11-01;5107248;3,68
2020-11-01;5107263;4,98
2020-11-01;5107297;1,62
2020-11-01;5107305;9,75
2020-11-01;5107354;4,91
2020-11-01;5107404;1,78
2020-11-01;5107578;0,52
2020-11-01;5107602;18,8
2020-11-01;5107701;7,77
2020-11-01;5107743;0,38
2020-11-01;5107750;6,46
2020-11-01;5107768;11,78
2020-11-01;5107776;4,04
2020-11-01;5107792;6,02
2020-11-01;5107800;7,69
2020-11-01;5107859;4,48
2020-11-01;5107875;8,32
2020-11-01;5107883;3,4
2020-11-01;5107909;26,17
2020-11-01;5107925;15,73
2020-11-01;5107941;14,06
2020-11-01;5107958;16,72
2020-11-01;5108006;9,7
2020-11-01;5108055;11,07
2020-11-01;5108105;5,91
2020-11-01;5108204;7,61
2020-11-01;5108303;4,41
2020-11-01;5108352;7,17
2020-11-01;5108402;13,56
2020-11-01;5108501;2,24
2020-11-01;5108600;5,77
2020-11-01;5108808;17,09
2020-11-01;5108857;5,15
2020-11-01;5108907;2,18
2020-11-01;5108956;5,29
2020-10-01;1100015;4,47
2020-10-01;1100023;12,56
2020-10-01;1100031;1,35
2020-10-01;1100049;13,31
2020-10-01;1100056;9,15
2020-10-01;1100064;2,85
2020-10-01;1100072;1,84
2020-10-01;1100080;2,71
2020-10-01;1100098;5,18
2020-10-01;1100106;4,74
2020-10-01;1100114;11,29
2020-10-01;1100122;16,19
2020-10-01;1100130;5,41
2020-10-01;1100148;10,45
2020-10-01;1100155;7,02
2020-10-01;1100189;6,2
2020-10-01;1100205;19,65
2020-10-01;1100254;7,6
2020-10-01;1100262;6,52
2020-10-01;1100288;11,19
2020-10-01;1100296;6,69
2020-10-01;1100304;10,94
2020-10-01;1100320;2,93
2020-10-01;1100338;5,11
2020-10-01;1100346;9,52
2020-10-01;1100379;6,56
2020-10-01;1100403;7,69
2020-10-01;1100452;6,45
2020-10-01;1100502;8,36
2020-10-01;1100601;3,08
2020-10-01;1100700;9,31
2020-10-01;1100809;9,64
2020-10-01;1100908;4,82
2020-10-01;1100924;1,5
2020-10-01;1100940;3,62
2020-10-01;1101005;2,89
2020-10-01;1101104;9,82
2020-10-01;1101203;3,77
2020-10-01;1101302;3,91
2020-10-01;1101401;3,57
2020-10-01;1101435;6,35
2020-10-01;1101450;7,5
2020-10-01;1101468;3,26
2020-10-01;1101476;5,69
2020-10-01;1101484;4,42
2020-10-01;1101492;4,29
2020-10-01;1101500;8,24
2020-10-01;1101559;2,2
2020-10-01;1101609;3,66
2020-10-01;1101708;4,28
2020-10-01;1101757;4,01
2020-10-01;1101807;4,4
2020-10-01;5100102;4,61
2020-10-01;5100201;7,33
2020-10-01;5100250;19,34
2020-10-01;5100300;4,32
2020-10-01;5100359;5,35
2020-10-01;5100409;5,88
2020-10-01;5100508;4,02
2020-10-01;5100607;5,61
2020-10-01;5100805;3,15
2020-10-01;5101001;2,54
2020-10-01;5101209;12,37
2020-10-01;5101258;7,32
2020-10-01;5101308;11,3
2020-10-01;5101407;14,29
2020-10-01;5101605;5,44
2020-10-01;5101704;6,97
2020-10-01;5101803;17,35
2020-10-01;5101852;2,55
2020-10-01;5101902;3,77
2020-10-01;5102504;13,11
2020-10-01;5102603;2,32
2020-10-01;5102637;11,3
2020-10-01;5102678;7,78
2020-10-01;5102686;6,51
2020-10-01;5102694;1,29
2020-10-01;5102702;9,9
2020-10-01;5102793;5,63
2020-10-01;5102850;3,04
2020-10-01;5103007;14,72
2020-10-01;5103056;3,58
2020-10-01;5103106;5,03
2020-10-01;5103205;16,94
2020-10-01;5103254;3,1
2020-10-01;5103304;5,36
2020-10-01;5103353;3,96
2020-10-01;5103361;4,78
2020-10-01;5103379;1,21
2020-10-01;5103403;26,87
2020-10-01;5103437;3,53
2020-10-01;5103452;3,37
2020-10-01;5103502;10,06
2020-10-01;5103601;8,54
2020-10-01;5103700;1,1
2020-10-01;5103809;8,49
2020-10-01;5103858;8,16
2020-10-01;5103908;1,54
2020-10-01;5103957;7,71
2020-10-01;5104104;5,12
2020-10-01;5104203;2,66
2020-10-01;5104500;4,14
2020-10-01;5104526;13,96
2020-10-01;5104542;9,56
2020-10-01;5104559;12,01
2020-10-01;5104609;4,98
2020-10-01;5104807;11,36
2020-10-01;5104906;4,66
2020-10-01;5105002;10,01
2020-10-01;5105101;7,0
2020-10-01;5105150;5,88
2020-10-01;5105176;4,18
2020-10-01;5105200;4,78
2020-10-01;5105234;5,09
2020-10-01;5105259;16,29
2020-10-01;5105309;3,45
2020-10-01;5105507;4,41
2020-10-01;5105580;5,81
2020-10-01;5105606;5,27
2020-10-01;5105622;6,74
2020-10-01;5105903;12,2
2020-10-01;5106000;5,66
2020-10-01;5106109;6,8
2020-10-01;5106158;2,78
2020-10-01;5106174;4,7
2020-10-01;5106182;3,16
2020-10-01;5106190;10,2
2020-10-01;5106208;9,15
2020-10-01;5106216;13,86
2020-10-01;5106224;15,58
2020-10-01;5106232;3,02
2020-10-01;5106240;2,41
2020-10-01;5106257;8,33
2020-10-01;5106265;3,27
2020-10-01;5106273;3,01
2020-10-01;5106281;3,54
2020-10-01;5106299;3,25
2020-10-01;5106307;8,17
2020-10-01;5106315;2,51
2020-10-01;5106372;4,36
2020-10-01;5106422;4,46
2020-10-01;5106455;6,68
2020-10-01;5106505;5,35
2020-10-01;5106653;2,66
2020-10-01;5106703;5,68
2020-10-01;5106752;8,06
2020-10-01;5106778;1,95
2020-10-01;5106802;3,54
2020-10-01;5106828;4,22
2020-10-01;5106851;7,79
2020-10-01;5107008;3,7
2020-10-01;5107040;16,0
2020-10-01;5107065;7,45
2020-10-01;5107107;11,69
2020-10-01;5107156;4,48
2020-10-01;5107180;4,1
2020-10-01;5107198;12,68
2020-10-01;5107206;10,68
2020-10-01;5107248;3,79
2020-10-01;5107263;5,04
2020-10-01;5107297;1,66
2020-10-01;5107305;9,5
2020-10-01;5107354;4,95
2020-10-01;5107404;1,84
2020-10-01;5107578;0,52
2020-10-01;5107602;18,26
2020-10-01;5107701;7,88
2020-10-01;5107743;0,42
2020-10-01;5107750;6,56
2020-10-01;5107768;11,92
2020-10-01;5107776;4,53
2020-10-01;5107792;5,61
2020-10-01;5107800;7,79
2020-10-01;5107859;4,51
2020-10-01;5107875;7,48
2020-10-01;5107883;3,46
2020-10-01;5107909;25,51
2020-10-01;5107925;15,96
2020-10-01;5107941;13,21
2020-10-01;5107958;15,16
2020-10-01;5108006;9,85
2020-10-01;5108055;10,8
2020-10-01;5108105;5,39
2020-10-01;5108204;6,82
2020-10-01;5108303;4,47
2020-10-01;5108352;7,2
2020-10-01;5108402;13,73
2020-10-01;5108501;2,25
2020-10-01;5108600;5,48
2020-10-01;5108808;15,79
2020-10-01;5108857;5,18
2020-10-01;5108907;2,1
2020-10-01;5108956;5,86
2020-09-01;1100015;4,52
2020-09-01;1100023;12,65
2020-09-01;1100031;1,39
2020-09-01;1100049;13,12
2020-09-01;1100056;9,25
2020-09-01;1100064;2,95
2020-09-01;1100072;1,91
2020-09-01;1100080;2,61
2020-09-01;1100098;4,78
2020-09-01;1100106;4,87
2020-09-01;1100114;13,53
2020-09-01;1100122;15,29
2020-09-01;1100130;5,42
2020-09-01;1100148;10,41
2020-09-01;1100155;12,63
2020-09-01;1100189;6,47
2020-09-01;1100205;19,47
2020-09-01;1100254;7,32
2020-09-01;1100262;6,55
2020-09-01;1100288;5,92
2020-09-01;1100296;6,06
2020-09-01;1100304;10,44
2020-09-01;1100320;3,46
2020-09-01;1100338;5,08
2020-09-01;1100346;9,14
2020-09-01;1100379;6,2
2020-09-01;1100403;7,5
2020-09-01;1100452;6,4
2020-09-01;1100502;7,66
2020-09-01;1100601;3,17
2020-09-01;1100700;9,55
2020-09-01;1100809;9,71
2020-09-01;1100908;5,06
2020-09-01;1100924;1,55
2020-09-01;1100940;3,7
2020-09-01;1101005;3,09
2020-09-01;1101104;6,73
2020-09-01;1101203;3,75
2020-09-01;1101302;4,13
2020-09-01;1101401;3,57
2020-09-01;1101435;5,8
2020-09-01;1101450;7,5
2020-09-01;1101468;3,35
2020-09-01;1101476;5,58
2020-09-01;1101484;4,11
2020-09-01;1101492;4,49
2020-09-01;1101500;8,13
2020-09-01;1101559;2,2
2020-09-01;1101609;3,9
2020-09-01;1101708;4,32
2020-09-01;1101757;4,04
2020-09-01;1101807;8,88
2020-09-01;5100102;5,01
2020-09-01;5100201;8,03
2020-09-01;5100250;19,3
2020-09-01;5100300;4,61
2020-09-01;5100359;5,95
2020-09-01;5100409;5,65
2020-09-01;5100508;3,63
2020-09-01;5100607;5,69
2020-09-01;5100805;3,35
2020-09-01;5101001;2,64
2020-09-01;5101209;11,42
2020-09-01;5101258;7,34
2020-09-01;5101308;11,3
2020-09-01;5101407;14,32
2020-09-01;5101605;5,94
2020-09-01;5101704;7,19
2020-09-01;5101803;17,52
2020-09-01;5101852;2,56
2020-09-01;5101902;3,81
2020-09-01;5102504;12,93
2020-09-01;5102603;2,35
2020-09-01;5102637;11,13
2020-09-01;5102678;7,92
2020-09-01;5102686;6,55
2020-09-01;5102694;1,31
2020-09-01;5102702;9,71
2020-09-01;5102793;5,16
2020-09-01;5102850;2,95
2020-09-01;5103007;15,06
2020-09-01;5103056;3,69
2020-09-01;5103106;5,12
2020-09-01;5103205;16,54
2020-09-01;5103254;3,15
2020-09-01;5103304;5,42
2020-09-01;5103353;3,94
2020-09-01;5103361;4,85
2020-09-01;5103379;1,27
2020-09-01;5103403;27,18
2020-09-01;5103437;3,64
2020-09-01;5103452;3,52
2020-09-01;5103502;10,0
2020-09-01;5103601;8,25
2020-09-01;5103700;1,12
2020-09-01;5103809;9,65
2020-09-01;5103858;7,16
2020-09-01;5103908;1,65
2020-09-01;5103957;5,25
2020-09-01;5104104;5,21
2020-09-01;5104203;2,7
2020-09-01;5104500;4,14
2020-09-01;5104526;14,03
2020-09-01;5104542;9,69
2020-09-01;5104559;12,34
2020-09-01;5104609;4,79
2020-09-01;5104807;9,84
2020-09-01;5104906;4,85
2020-09-01;5105002;10,15
2020-09-01;5105101;6,75
2020-09-01;5105150;6,36
2020-09-01;5105176;4,22
2020-09-01;5105200;4,72
2020-09-01;5105234;5,24
2020-09-01;5105259;15,15
2020-09-01;5105309;3,5
2020-09-01;5105507;4,47
2020-09-01;5105580;5,83
2020-09-01;5105606;5,13
2020-09-01;5105622;6,79
2020-09-01;5105903;12,31
2020-09-01;5106000;5,74
2020-09-01;5106109;7,12
2020-09-01;5106158;2,88
2020-09-01;5106174;5,42
2020-09-01;5106182;3,27
2020-09-01;5106190;10,3
2020-09-01;5106208;10,35
2020-09-01;5106216;13,78
2020-09-01;5106224;14,76
2020-09-01;5106232;3,37
2020-09-01;5106240;1,41
2020-09-01;5106257;8,4
2020-09-01;5106265;3,27
2020-09-01;5106273;3,14
2020-09-01;5106281;3,77
2020-09-01;5106299;3,42
2020-09-01;5106307;7,61
2020-09-01;5106315;2,33
2020-09-01;5106372;4,6
2020-09-01;5106422;4,54
2020-09-01;5106455;8,64
2020-09-01;5106505;5,52
2020-09-01;5106653;2,67
2020-09-01;5106703;6,13
2020-09-01;5106752;9,01
2020-09-01;5106778;2,0
2020-09-01;5106802;9,23
2020-09-01;5106828;3,4
2020-09-01;5106851;7,65
2020-09-01;5107008;3,84
2020-09-01;5107040;17,59
2020-09-01;5107065;6,37
2020-09-01;5107107;11,37
2020-09-01;5107156;4,45
2020-09-01;5107180;4,2
2020-09-01;5107198;11,48
2020-09-01;5107206;9,59
2020-09-01;5107248;3,88
2020-09-01;5107263;5,07
2020-09-01;5107297;1,8
2020-09-01;5107305;9,32
2020-09-01;5107354;5,05
2020-09-01;5107404;1,89
2020-09-01;5107578;0,52
2020-09-01;5107602;17,38
2020-09-01;5107701;8,17
2020-09-01;5107743;0,53
2020-09-01;5107750;6,71
2020-09-01;5107768;12,15
2020-09-01;5107776;4,2
2020-09-01;5107792;7,24
2020-09-01;5107800;8,24
2020-09-01;5107859;5,03
2020-09-01;5107875;8,14
2020-09-01;5107883;3,52
2020-09-01;5107909;24,8
2020-09-01;5107925;15,95
2020-09-01;5107941;13,2
2020-09-01;5107958;12,66
2020-09-01;5108006;9,78
2020-09-01;5108055;10,81
2020-09-01;5108105;5,41
2020-09-01;5108204;6,79
2020-09-01;5108303;4,53
2020-09-01;5108352;7,26
2020-09-01;5108402;13,83
2020-09-01;5108501;2,27
2020-09-01;5108600;5,36
2020-09-01;5108808;15,17
2020-09-01;5108857;5,21
2020-09-01;5108907;2,4
2020-09-01;5108956;6,04
2020-08-01;1100015;4,35
2020-08-01;1100023;12,3
2020-08-01;1100031;1,41
2020-08-01;1100049;12,8
2020-08-01;1100056;9,2
2020-08-01;1100064;3,05
2020-08-01;1100072;1,98
2020-08-01;1100080;2,47
2020-08-01;1100098;5,41
2020-08-01;1100106;4,49
2020-08-01;1100114;13,74
2020-08-01;1100122;7,89
2020-08-01;1100130;5,4
2020-08-01;1100148;9,43
2020-08-01;1100155;12,66
2020-08-01;1100189;5,95
2020-08-01;1100205;19,19
2020-08-01;1100254;7,08
2020-08-01;1100262;6,57
2020-08-01;1100288;5,76
2020-08-01;1100296;3,97
2020-08-01;1100304;10,11
2020-08-01;1100320;2,83
2020-08-01;1100338;4,97
2020-08-01;1100346;8,87
2020-08-01;1100379;5,96
2020-08-01;1100403;7,26
2020-08-01;1100452;6,28
2020-08-01;1100502;7,47
2020-08-01;1100601;3,16
2020-08-01;1100700;9,36
2020-08-01;1100809;9,52
2020-08-01;1100908;4,99
2020-08-01;1100924;1,6
2020-08-01;1100940;3,26
2020-08-01;1101005;3,16
2020-08-01;1101104;6,46
2020-08-01;1101203;2,63
2020-08-01;1101302;4,1
2020-08-01;1101401;3,56
2020-08-01;1101435;5,32
2020-08-01;1101450;7,52
2020-08-01;1101468;3,35
2020-08-01;1101476;5,3
2020-08-01;1101484;4,48
2020-08-01;1101492;4,19
2020-08-01;1101500;7,79
2020-08-01;1101559;2,27
2020-08-01;1101609;4,55
2020-08-01;1101708;4,24
2020-08-01;1101757;5,56
2020-08-01;1101807;8,95
2020-08-01;5100102;4,44
2020-08-01;5100201;10,72
2020-08-01;5100250;16,98
2020-08-01;5100300;4,85
2020-08-01;5100359;6,01
2020-08-01;5100409;5,7
2020-08-01;5100508;3,4
2020-08-01;5100607;5,74
2020-08-01;5100805;2,95
2020-08-01;5101001;2,64
2020-08-01;5101209;8,88
2020-08-01;5101258;7,32
2020-08-01;5101308;10,55
2020-08-01;5101407;10,8
2020-08-01;5101605;5,12
2020-08-01;5101704;7,01
2020-08-01;5101803;17,66
2020-08-01;5101852;2,56
2020-08-01;5101902;3,53
2020-08-01;5102504;12,61
2020-08-01;5102603;2,38
2020-08-01;5102637;11,14
2020-08-01;5102678;7,68
2020-08-01;5102686;6,68
2020-08-01;5102694;1,35
2020-08-01;5102702;9,51
2020-08-01;5102793;3,39
2020-08-01;5102850;2,87
2020-08-01;5103007;14,31
2020-08-01;5103056;3,76
2020-08-01;5103106;4,15
2020-08-01;5103205;16,83
2020-08-01;5103254;2,14
2020-08-01;5103304;5,49
2020-08-01;5103353;3,79
2020-08-01;5103361;5,61
2020-08-01;5103379;1,21
2020-08-01;5103403;26,67
2020-08-01;5103437;3,63
2020-08-01;5103452;3,52
2020-08-01;5103502;9,7
2020-08-01;5103601;8,06
2020-08-01;5103700;1,12
2020-08-01;5103809;9,82
2020-08-01;5103858;7,09
2020-08-01;5103908;1,66
2020-08-01;5103957;6,35
2020-08-01;5104104;4,67
2020-08-01;5104203;2,75
2020-08-01;5104500;1,98
2020-08-01;5104526;13,5
2020-08-01;5104542;9,82
2020-08-01;5104559;12,42
2020-08-01;5104609;5,02
2020-08-01;5104807;10,97
2020-08-01;5104906;4,52
2020-08-01;5105002;10,01
2020-08-01;5105101;6,4
2020-08-01;5105150;6,55
2020-08-01;5105176;5,46
2020-08-01;5105200;4,78
2020-08-01;5105234;5,22
2020-08-01;5105259;14,21
2020-08-01;5105309;3,5
2020-08-01;5105507;4,49
2020-08-01;5105580;5,83
2020-08-01;5105606;5,25
2020-08-01;5105622;7,07
2020-08-01;5105903;12,16
2020-08-01;5106000;5,72
2020-08-01;5106109;6,01
2020-08-01;5106158;2,57
2020-08-01;5106174;3,31
2020-08-01;5106182;3,35
2020-08-01;5106190;10,33
2020-08-01;5106208;7,25
2020-08-01;5106216;2,73
2020-08-01;5106224;13,06
2020-08-01;5106232;3,41
2020-08-01;5106240;0,86
2020-08-01;5106257;8,42
2020-08-01;5106265;3,25
2020-08-01;5106273;3,18
2020-08-01;5106281;3,26
2020-08-01;5106299;2,93
2020-08-01;5106307;8,06
2020-08-01;5106315;2,37
2020-08-01;5106372;5,66
2020-08-01;5106422;4,17
2020-08-01;5106455;4,61
2020-08-01;5106505;5,2
2020-08-01;5106653;2,75
2020-08-01;5106703;4,84
2020-08-01;5106752;8,94
2020-08-01;5106778;2,04
2020-08-01;5106802;9,17
2020-08-01;5106828;3,4
2020-08-01;5106851;6,85
2020-08-01;5107008;3,81
2020-08-01;5107040;15,88
2020-08-01;5107065;6,61
2020-08-01;5107107;9,07
2020-08-01;5107156;4,34
2020-08-01;5107180;4,23
2020-08-01;5107198;10,03
2020-08-01;5107206;10,06
2020-08-01;5107248;3,97
2020-08-01;5107263;5,07
2020-08-01;5107297;1,84
2020-08-01;5107305;8,88
2020-08-01;5107354;5,02
2020-08-01;5107404;1,84
2020-08-01;5107578;0,52
2020-08-01;5107602;17,34
2020-08-01;5107701;7,77
2020-08-01;5107743;0,46
2020-08-01;5107750;6,71
2020-08-01;5107768;12,38
2020-08-01;5107776;1,32
2020-08-01;5107792;0,84
2020-08-01;5107800;7,69
2020-08-01;5107859;5,07
2020-08-01;5107875;8,18
2020-08-01;5107883;3,52
2020-08-01;5107909;24,87
2020-08-01;5107925;15,65
2020-08-01;5107941;13,2
2020-08-01;5107958;12,22
2020-08-01;5108006;9,65
2020-08-01;5108055;13,68
2020-08-01;5108105;5,33
2020-08-01;5108204;8,4
2020-08-01;5108303;4,53
2020-08-01;5108352;7,17
2020-08-01;5108402;13,83
2020-08-01;5108501;2,32
2020-08-01;5108600;5,97
2020-08-01;5108808;14,31
2020-08-01;5108857;5,18
2020-08-01;5108907;2,4
2020-08-01;5108956;5,53
2020-07-01;1100015;4,23
2020-07-01;1100023;12,88
2020-07-01;1100031;1,43
2020-07-01;1100049;12,43
2020-07-01;1100056;10,34
2020-07-01;1100064;3,12
2020-07-01;1100072;2,05
2020-07-01;1100080;2,29
2020-07-01;1100098;5,48
2020-07-01;1100106;4,59
2020-07-01;1100114;13,72
2020-07-01;1100122;7,55
2020-07-01;1100130;5,64
2020-07-01;1100148;8,37
2020-07-01;1100155;12,63
2020-07-01;1100189;5,93
2020-07-01;1100205;18,57
2020-07-01;1100254;7,29
2020-07-01;1100262;6,49
2020-07-01;1100288;5,55
2020-07-01;1100296;5,98
2020-07-01;1100304;9,86
2020-07-01;1100320;2,89
2020-07-01;1100338;4,66
2020-07-01;1100346;8,1
2020-07-01;1100379;5,74
2020-07-01;1100403;6,61
2020-07-01;1100452;5,22
2020-07-01;1100502;7,35
2020-07-01;1100601;3,14
2020-07-01;1100700;9,21
2020-07-01;1100809;8,5
2020-07-01;1100908;4,52
2020-07-01;1100924;1,66
2020-07-01;1100940;3,25
2020-07-01;1101005;3,13
2020-07-01;1101104;5,99
2020-07-01;1101203;2,69
2020-07-01;1101302;3,56
2020-07-01;1101401;3,45
2020-07-01;1101435;5,24
2020-07-01;1101450;7,53
2020-07-01;1101468;3,49
2020-07-01;1101476;4,72
2020-07-01;1101484;3,14
2020-07-01;1101492;4,25
2020-07-01;1101500;7,56
2020-07-01;1101559;2,36
2020-07-01;1101609;4,57
2020-07-01;1101708;4,36
2020-07-01;1101757;5,56
2020-07-01;1101807;9,03
2020-07-01;5100102;4,37
2020-07-01;5100201;8,01
2020-07-01;5100250;18,07
2020-07-01;5100300;5,08
2020-07-01;5100359;6,01
2020-07-01;5100409;6,82
2020-07-01;5100508;3,29
2020-07-01;5100607;5,84
2020-07-01;5100805;2,88
2020-07-01;5101001;2,64
2020-07-01;5101209;8,99
2020-07-01;5101258;7,34
2020-07-01;5101308;10,71
2020-07-01;5101407;10,82
2020-07-01;5101605;5,06
2020-07-01;5101704;7,09
2020-07-01;5101803;17,88
2020-07-01;5101852;2,61
2020-07-01;5101902;3,64
2020-07-01;5102504;12,26
2020-07-01;5102603;2,41
2020-07-01;5102637;11,31
2020-07-01;5102678;7,75
2020-07-01;5102686;6,79
2020-07-01;5102694;1,37
2020-07-01;5102702;9,16
2020-07-01;5102793;3,11
2020-07-01;5102850;3,25
2020-07-01;5103007;14,17
2020-07-01;5103056;3,86
2020-07-01;5103106;2,97
2020-07-01;5103205;13,69
2020-07-01;5103254;2,19
2020-07-01;5103304;5,56
2020-07-01;5103353;3,75
2020-07-01;5103361;5,54
2020-07-01;5103379;1,14
2020-07-01;5103403;26,57
2020-07-01;5103437;3,66
2020-07-01;5103452;3,56
2020-07-01;5103502;9,9
2020-07-01;5103601;7,78
2020-07-01;5103700;1,14
2020-07-01;5103809;11,41
2020-07-01;5103858;6,66
2020-07-01;5103908;1,79
2020-07-01;5103957;5,42
2020-07-01;5104104;4,73
2020-07-01;5104203;2,77
2020-07-01;5104500;1,98
2020-07-01;5104526;13,13
2020-07-01;5104542;10,01
2020-07-01;5104559;12,66
2020-07-01;5104609;4,49
2020-07-01;5104807;11,27
2020-07-01;5104906;4,48
2020-07-01;5105002;10,29
2020-07-01;5105101;6,37
2020-07-01;5105150;6,68
2020-07-01;5105176;5,47
2020-07-01;5105200;12,09
2020-07-01;5105234;4,74
2020-07-01;5105259;13,92
2020-07-01;5105309;3,6
2020-07-01;5105507;4,54
2020-07-01;5105580;5,87
2020-07-01;5105606;4,89
2020-07-01;5105622;7,2
2020-07-01;5105903;11,54
2020-07-01;5106000;5,52
2020-07-01;5106109;5,75
2020-07-01;5106158;2,5
2020-07-01;5106174;3,94
2020-07-01;5106182;3,44
2020-07-01;5106190;10,38
2020-07-01;5106208;7,28
2020-07-01;5106216;2,74
2020-07-01;5106224;12,35
2020-07-01;5106232;3,42
2020-07-01;5106240;0,86
2020-07-01;5106257;8,46
2020-07-01;5106265;3,25
2020-07-01;5106273;3,21
2020-07-01;5106281;3,71
2020-07-01;5106299;2,84
2020-07-01;5106307;7,4
2020-07-01;5106315;2,37
2020-07-01;5106372;2,99
2020-07-01;5106422;4,27
2020-07-01;5106455;6,95
2020-07-01;5106505;5,22
2020-07-01;5106653;2,81
2020-07-01;5106703;5,42
2020-07-01;5106752;9,3
2020-07-01;5106778;2,07
2020-07-01;5106802;9,19
2020-07-01;5106828;3,03
2020-07-01;5106851;6,88
2020-07-01;5107008;3,85
2020-07-01;5107040;15,86
2020-07-01;5107065;6,0
2020-07-01;5107107;8,94
2020-07-01;5107156;4,34
2020-07-01;5107180;4,31
2020-07-01;5107198;11,73
2020-07-01;5107206;9,59
2020-07-01;5107248;3,88
2020-07-01;5107263;5,04
2020-07-01;5107297;1,87
2020-07-01;5107305;8,89
2020-07-01;5107354;5,05
2020-07-01;5107404;7,84
2020-07-01;5107578;0,52
2020-07-01;5107602;15,86
2020-07-01;5107701;7,56
2020-07-01;5107743;0,42
2020-07-01;5107750;6,71
2020-07-01;5107768;12,15
2020-07-01;5107776;1,37
2020-07-01;5107792;0,92
2020-07-01;5107800;7,44
2020-07-01;5107859;5,11
2020-07-01;5107875;8,01
2020-07-01;5107883;3,58
2020-07-01;5107909;24,11
2020-07-01;5107925;17,28
2020-07-01;5107941;12,89
2020-07-01;5107958;11,77
2020-07-01;5108006;7,13
2020-07-01;5108055;10,49
2020-07-01;5108105;5,39
2020-07-01;5108204;8,29
2020-07-01;5108303;4,58
2020-07-01;5108352;6,56
2020-07-01;5108402;13,84
2020-07-01;5108501;2,32
2020-07-01;5108600;4,97
2020-07-01;5108808;13,8
2020-07-01;5108857;5,05
2020-07-01;5108907;2,45
2020-07-01;5108956;5,09
2020-06-01;1100015;4,48
2020-06-01;1100023;13,07
2020-06-01;1100031;1,39
2020-06-01;1100049;11,92
2020-06-01;1100056;10,31
2020-06-01;1100064;3,12
2020-06-01;1100072;2,03
2020-06-01;1100080;2,32
2020-06-01;1100098;5,48
2020-06-01;1100106;4,6
2020-06-01;1100114;13,06
2020-06-01;1100122;7,12
2020-06-01;1100130;5,31
2020-06-01;1100148;8,6
2020-06-01;1100155;12,85
2020-06-01;1100189;3,22
2020-06-01;1100205;18,19
2020-06-01;1100254;7,11
2020-06-01;1100262;6,59
2020-06-01;1100288;5,61
2020-06-01;1100296;5,8
2020-06-01;1100304;9,66
2020-06-01;1100320;3,24
2020-06-01;1100338;4,56
2020-06-01;1100346;7,79
2020-06-01;1100379;5,76
2020-06-01;1100403;7,0
2020-06-01;1100452;5,95
2020-06-01;1100502;7,07
2020-06-01;1100601;3,02
2020-06-01;1100700;9,12
2020-06-01;1100809;7,19
2020-06-01;1100908;4,49
2020-06-01;1100924;1,72
2020-06-01;1100940;3,4
2020-06-01;1101005;3,04
2020-06-01;1101104;5,79
2020-06-01;1101203;2,72
2020-06-01;1101302;3,29
2020-06-01;1101401;3,48
2020-06-01;1101435;4,25
2020-06-01;1101450;7,7
2020-06-01;1101468;3,5
2020-06-01;1101476;3,99
2020-06-01;1101484;3,17
2020-06-01;1101492;4,07
2020-06-01;1101500;7,57
2020-06-01;1101559;2,18
2020-06-01;1101609;4,36
2020-06-01;1101708;4,31
2020-06-01;1101757;5,27
2020-06-01;1101807;8,85
2020-06-01;5100102;4,35
2020-06-01;5100201;7,53
2020-06-01;5100250;16,65
2020-06-01;5100300;5,47
2020-06-01;5100359;3,15
2020-06-01;5100409;7,12
2020-06-01;5100508;3,17
2020-06-01;5100607;6,07
2020-06-01;5100805;2,31
2020-06-01;5101001;2,74
2020-06-01;5101209;8,88
2020-06-01;5101258;7,26
2020-06-01;5101308;10,9
2020-06-01;5101407;11,0
2020-06-01;5101605;4,59
2020-06-01;5101704;7,31
2020-06-01;5101803;18,03
2020-06-01;5101852;2,71
2020-06-01;5101902;3,69
2020-06-01;5102504;11,9
2020-06-01;5102603;2,53
2020-06-01;5102637;8,08
2020-06-01;5102678;8,03
2020-06-01;5102686;6,97
2020-06-01;5102694;1,39
2020-06-01;5102702;9,25
2020-06-01;5102793;2,41
2020-06-01;5102850;3,33
2020-06-01;5103007;13,69
2020-06-01;5103056;3,95
2020-06-01;5103106;2,67
2020-06-01;5103205;15,99
2020-06-01;5103254;2,28
2020-06-01;5103304;5,8
2020-06-01;5103353;3,69
2020-06-01;5103361;5,67
2020-06-01;5103379;1,1
2020-06-01;5103403;26,78
2020-06-01;5103437;3,74
2020-06-01;5103452;3,69
2020-06-01;5103502;10,4
2020-06-01;5103601;7,57
2020-06-01;5103700;1,21
2020-06-01;5103809;11,45
2020-06-01;5103858;5,84
2020-06-01;5103908;1,9
2020-06-01;5103957;5,25
2020-06-01;5104104;4,79
2020-06-01;5104203;2,82
2020-06-01;5104500;1,93
2020-06-01;5104526;13,4
2020-06-01;5104542;6,0
2020-06-01;5104559;11,63
2020-06-01;5104609;5,4
2020-06-01;5104807;10,33
2020-06-01;5104906;4,54
2020-06-01;5105002;9,63
2020-06-01;5105101;6,41
2020-06-01;5105150;6,8
2020-06-01;5105176;5,65
2020-06-01;5105200;12,92
2020-06-01;5105234;4,77
2020-06-01;5105259;13,9
2020-06-01;5105309;3,56
2020-06-01;5105507;4,18
2020-06-01;5105580;5,78
2020-06-01;5105606;4,94
2020-06-01;5105622;7,57
2020-06-01;5105903;11,34
2020-06-01;5106000;4,86
2020-06-01;5106109;5,64
2020-06-01;5106158;2,1
2020-06-01;5106174;2,78
2020-06-01;5106182;3,55
2020-06-01;5106190;10,65
2020-06-01;5106208;7,26
2020-06-01;5106216;2,8
2020-06-01;5106224;12,8
2020-06-01;5106232;3,55
2020-06-01;5106240;0,9
2020-06-01;5106257;8,2
2020-06-01;5106265;3,32
2020-06-01;5106273;3,3
2020-06-01;5106281;3,43
2020-06-01;5106299;2,12
2020-06-01;5106307;7,71
2020-06-01;5106315;2,42
2020-06-01;5106372;4,22
2020-06-01;5106422;4,13
2020-06-01;5106455;6,84
2020-06-01;5106505;5,28
2020-06-01;5106653;8,23
2020-06-01;5106703;5,01
2020-06-01;5106752;9,44
2020-06-01;5106778;2,12
2020-06-01;5106802;9,13
2020-06-01;5106828;2,13
2020-06-01;5106851;6,72
2020-06-01;5107008;3,86
2020-06-01;5107040;15,92
2020-06-01;5107065;5,83
2020-06-01;5107107;8,76
2020-06-01;5107156;4,32
2020-06-01;5107180;4,45
2020-06-01;5107198;11,19
2020-06-01;5107206;10,34
2020-06-01;5107248;4,02
2020-06-01;5107263;5,09
2020-06-01;5107297;2,04
2020-06-01;5107305;9,32
2020-06-01;5107354;5,08
2020-06-01;5107404;4,48
2020-06-01;5107578;0,52
2020-06-01;5107602;16,53
2020-06-01;5107701;7,42
2020-06-01;5107743;0,43
2020-06-01;5107750;6,57
2020-06-01;5107768;12,42
2020-06-01;5107776;4,52
2020-06-01;5107792;5,68
2020-06-01;5107800;7,34
2020-06-01;5107859;3,3
2020-06-01;5107875;8,15
2020-06-01;5107883;3,88
2020-06-01;5107909;23,64
2020-06-01;5107925;17,68
2020-06-01;5107941;12,74
2020-06-01;5107958;11,84
2020-06-01;5108006;7,27
2020-06-01;5108055;8,89
2020-06-01;5108105;5,41
2020-06-01;5108204;7,32
2020-06-01;5108303;4,6
2020-06-01;5108352;6,56
2020-06-01;5108402;14,1
2020-06-01;5108501;2,6
2020-06-01;5108600;4,99
2020-06-01;5108808;12,72
2020-06-01;5108857;4,55
2020-06-01;5108907;2,49
2020-06-01;5108956;4,98
2020-05-01;1100015;4,62
2020-05-01;1100023;13,02
2020-05-01;1100031;1,41
2020-05-01;1100049;12,48
2020-05-01;1100056;10,43
2020-05-01;1100064;3,18
2020-05-01;1100072;2,04
2020-05-01;1100080;2,27
2020-05-01;1100098;5,64
2020-05-01;1100106;4,55
2020-05-01;1100114;6,12
2020-05-01;1100122;6,73
2020-05-01;1100130;5,52
2020-05-01;1100148;7,56
2020-05-01;1100155;13,03
2020-05-01;1100189;6,88
2020-05-01;1100205;17,96
2020-05-01;1100254;6,54
2020-05-01;1100262;6,64
2020-05-01;1100288;5,56
2020-05-01;1100296;5,79
2020-05-01;1100304;9,57
2020-05-01;1100320;3,26
2020-05-01;1100338;4,42
2020-05-01;1100346;7,71
2020-05-01;1100379;5,6
2020-05-01;1100403;5,68
2020-05-01;1100452;5,52
2020-05-01;1100502;6,88
2020-05-01;1100601;3,0
2020-05-01;1100700;7,77
2020-05-01;1100809;6,89
2020-05-01;1100908;4,55
2020-05-01;1100924;1,76
2020-05-01;1100940;3,18
2020-05-01;1101005;3,23
2020-05-01;1101104;5,9
2020-05-01;1101203;2,87
2020-05-01;1101302;2,39
2020-05-01;1101401;3,51
2020-05-01;1101435;3,87
2020-05-01;1101450;7,7
2020-05-01;1101468;3,5
2020-05-01;1101476;4,59
2020-05-01;1101484;3,29
2020-05-01;1101492;4,46
2020-05-01;1101500;7,54
2020-05-01;1101559;2,27
2020-05-01;1101609;4,41
2020-05-01;1101708;4,3
2020-05-01;1101757;5,49
2020-05-01;1101807;5,16
2020-05-01;5100102;4,37
2020-05-01;5100201;5,88
2020-05-01;5100250;16,27
2020-05-01;5100300;5,85
2020-05-01;5100359;3,2
2020-05-01;5100409;7,51
2020-05-01;5100508;3,24
2020-05-01;5100607;6,19
2020-05-01;5100805;2,34
2020-05-01;5101001;2,77
2020-05-01;5101209;6,74
2020-05-01;5101258;7,62
2020-05-01;5101308;10,79
2020-05-01;5101407;11,01
2020-05-01;5101605;4,46
2020-05-01;5101704;7,46
2020-05-01;5101803;18,51
2020-05-01;5101852;2,8
2020-05-01;5101902;3,75
2020-05-01;5102504;11,49
2020-05-01;5102603;2,51
2020-05-01;5102637;8,21
2020-05-01;5102678;8,2
2020-05-01;5102686;7,13
2020-05-01;5102694;1,52
2020-05-01;5102702;9,04
2020-05-01;5102793;2,41
2020-05-01;5102850;3,37
2020-05-01;5103007;13,41
2020-05-01;5103056;4,13
2020-05-01;5103106;2,44
2020-05-01;5103205;16,31
2020-05-01;5103254;2,28
2020-05-01;5103304;5,49
2020-05-01;5103353;3,8
2020-05-01;5103361;5,7
2020-05-01;5103379;1,11
2020-05-01;5103403;26,48
2020-05-01;5103437;3,79
2020-05-01;5103452;3,74
2020-05-01;5103502;10,85
2020-05-01;5103601;7,62
2020-05-01;5103700;1,22
2020-05-01;5103809;11,53
2020-05-01;5103858;5,78
2020-05-01;5103908;2,08
2020-05-01;5103957;5,35
2020-05-01;5104104;4,98
2020-05-01;5104203;2,85
2020-05-01;5104500;1,93
2020-05-01;5104526;11,67
2020-05-01;5104542;6,04
2020-05-01;5104559;11,68
2020-05-01;5104609;6,25
2020-05-01;5104807;11,03
2020-05-01;5104906;4,53
2020-05-01;5105002;10,19
2020-05-01;5105101;6,35
2020-05-01;5105150;6,94
2020-05-01;5105176;5,68
2020-05-01;5105200;11,68
2020-05-01;5105234;4,74
2020-05-01;5105259;13,3
2020-05-01;5105309;3,56
2020-05-01;5105507;4,2
2020-05-01;5105580;5,84
2020-05-01;5105606;5,4
2020-05-01;5105622;7,84
2020-05-01;5105903;12,06
2020-05-01;5106000;4,86
2020-05-01;5106109;5,38
2020-05-01;5106158;2,13
2020-05-01;5106174;2,65
2020-05-01;5106182;3,64
2020-05-01;5106190;10,81
2020-05-01;5106208;7,42
2020-05-01;5106216;2,88
2020-05-01;5106224;12,63
2020-05-01;5106232;3,6
2020-05-01;5106240;0,93
2020-05-01;5106257;8,16
2020-05-01;5106265;3,33
2020-05-01;5106273;3,4
2020-05-01;5106281;3,65
2020-05-01;5106299;4,93
2020-05-01;5106307;8,93
2020-05-01;5106315;2,42
2020-05-01;5106372;3,11
2020-05-01;5106422;4,23
2020-05-01;5106455;7,55
2020-05-01;5106505;5,38
2020-05-01;5106653;8,33
2020-05-01;5106703;9,52
2020-05-01;5106752;9,58
2020-05-01;5106778;2,21
2020-05-01;5106802;8,84
2020-05-01;5106828;2,18
2020-05-01;5106851;6,51
2020-05-01;5107008;4,0
2020-05-01;5107040;16,85
2020-05-01;5107065;5,85
2020-05-01;5107107;9,11
2020-05-01;5107156;4,32
2020-05-01;5107180;4,49
2020-05-01;5107198;10,69
2020-05-01;5107206;9,43
2020-05-01;5107248;4,04
2020-05-01;5107263;5,09
2020-05-01;5107297;2,07
2020-05-01;5107305;9,0
2020-05-01;5107354;5,08
2020-05-01;5107404;2,86
2020-05-01;5107578;0,52
2020-05-01;5107602;16,16
2020-05-01;5107701;7,72
2020-05-01;5107743;0,43
2020-05-01;5107750;6,66
2020-05-01;5107768;12,54
2020-05-01;5107776;3,0
2020-05-01;5107792;5,99
2020-05-01;5107800;7,39
2020-05-01;5107859;3,47
2020-05-01;5107875;7,88
2020-05-01;5107883;3,88
2020-05-01;5107909;22,83
2020-05-01;5107925;17,51
2020-05-01;5107941;12,74
2020-05-01;5107958;11,75
2020-05-01;5108006;7,0
2020-05-01;5108055;8,5
2020-05-01;5108105;5,34
2020-05-01;5108204;7,32
2020-05-01;5108303;4,57
2020-05-01;5108352;6,52
2020-05-01;5108402;14,12
2020-05-01;5108501;2,62
2020-05-01;5108600;4,69
2020-05-01;5108808;11,31
2020-05-01;5108857;4,45
2020-05-01;5108907;2,6
2020-05-01;5108956;4,9
2020-04-01;1100015;5,09
2020-04-01;1100023;12,47
2020-04-01;1100031;3,88
2020-04-01;1100049;12,48
2020-04-01;1100056;7,62
2020-04-01;1100064;7,63
2020-04-01;1100072;3,48
2020-04-01;1100080;2,18
2020-04-01;1100098;4,55
2020-04-01;1100106;4,81
2020-04-01;1100114;10,63
2020-04-01;1100122;6,61
2020-04-01;1100130;5,01
2020-04-01;1100148;7,61
2020-04-01;1100155;10,39
2020-04-01;1100189;8,18
2020-04-01;1100205;17,61
2020-04-01;1100254;5,62
2020-04-01;1100262;6,24
2020-04-01;1100288;5,43
2020-04-01;1100296;5,56
2020-04-01;1100304;9,58
2020-04-01;1100320;3,73
2020-04-01;1100338;5,04
2020-04-01;1100346;7,56
2020-04-01;1100379;4,89
2020-04-01;1100403;4,6
2020-04-01;1100452;5,5
2020-04-01;1100502;6,79
2020-04-01;1100601;2,95
2020-04-01;1100700;6,86
2020-04-01;1100809;6,21
2020-04-01;1100908;4,23
2020-04-01;1100924;1,79
2020-04-01;1100940;2,72
2020-04-01;1101005;3,27
2020-04-01;1101104;6,05
2020-04-01;1101203;2,89
2020-04-01;1101302;2,44
2020-04-01;1101401;3,48
2020-04-01;1101435;3,89
2020-04-01;1101450;7,7
2020-04-01;1101468;7,56
2020-04-01;1101476;3,05
2020-04-01;1101484;2,18
2020-04-01;1101492;4,44
2020-04-01;1101500;7,34
2020-04-01;1101559;2,34
2020-04-01;1101609;4,23
2020-04-01;1101708;4,17
2020-04-01;1101757;5,44
2020-04-01;1101807;5,2
2020-04-01;5100102;4,46
2020-04-01;5100201;7,27
2020-04-01;5100250;16,08
2020-04-01;5100300;6,16
2020-04-01;5100359;3,25
2020-04-01;5100409;7,63
2020-04-01;5100508;3,31
2020-04-01;5100607;6,28
2020-04-01;5100805;2,34
2020-04-01;5101001;2,77
2020-04-01;5101209;6,2
2020-04-01;5101258;7,73
2020-04-01;5101308;11,05
2020-04-01;5101407;11,05
2020-04-01;5101605;4,3
2020-04-01;5101704;7,6
2020-04-01;5101803;18,76
2020-04-01;5101852;2,77
2020-04-01;5101902;3,86
2020-04-01;5102504;11,3
2020-04-01;5102603;2,53
2020-04-01;5102637;8,26
2020-04-01;5102678;8,21
2020-04-01;5102686;7,24
2020-04-01;5102694;1,43
2020-04-01;5102702;9,03
2020-04-01;5102793;2,42
2020-04-01;5102850;2,82
2020-04-01;5103007;13,46
2020-04-01;5103056;4,25
2020-04-01;5103106;2,0
2020-04-01;5103205;16,01
2020-04-01;5103254;2,27
2020-04-01;5103304;5,41
2020-04-01;5103353;3,14
2020-04-01;5103361;5,67
2020-04-01;5103379;1,12
2020-04-01;5103403;26,59
2020-04-01;5103437;3,85
2020-04-01;5103452;3,9
2020-04-01;5103502;10,86
2020-04-01;5103601;7,64
2020-04-01;5103700;1,25
2020-04-01;5103809;9,96
2020-04-01;5103858;5,73
2020-04-01;5103908;2,27
2020-04-01;5103957;8,23
2020-04-01;5104104;5,44
2020-04-01;5104203;2,91
2020-04-01;5104500;1,96
2020-04-01;5104526;7,36
2020-04-01;5104542;6,07
2020-04-01;5104559;11,89
2020-04-01;5104609;6,3
2020-04-01;5104807;11,22
2020-04-01;5104906;4,64
2020-04-01;5105002;11,05
2020-04-01;5105101;6,5
2020-04-01;5105150;7,27
2020-04-01;5105176;5,68
2020-04-01;5105200;6,79
2020-04-01;5105234;4,98
2020-04-01;5105259;12,82
2020-04-01;5105309;3,61
2020-04-01;5105507;4,12
2020-04-01;5105580;5,9
2020-04-01;5105606;5,55
2020-04-01;5105622;8,07
2020-04-01;5105903;11,74
2020-04-01;5106000;4,94
2020-04-01;5106109;5,38
2020-04-01;5106158;2,18
2020-04-01;5106174;2,73
2020-04-01;5106182;3,83
2020-04-01;5106190;10,89
2020-04-01;5106208;7,65
2020-04-01;5106216;3,01
2020-04-01;5106224;13,0
2020-04-01;5106232;3,65
2020-04-01;5106240;0,94
2020-04-01;5106257;7,64
2020-04-01;5106265;3,34
2020-04-01;5106273;3,42
2020-04-01;5106281;3,37
2020-04-01;5106299;4,25
2020-04-01;5106307;8,25
2020-04-01;5106315;2,42
2020-04-01;5106372;4,22
2020-04-01;5106422;4,47
2020-04-01;5106455;4,55
2020-04-01;5106505;5,47
2020-04-01;5106653;7,66
2020-04-01;5106703;8,76
2020-04-01;5106752;9,32
2020-04-01;5106778;2,17
2020-04-01;5106802;8,89
2020-04-01;5106828;5,47
2020-04-01;5106851;6,58
2020-04-01;5107008;4,08
2020-04-01;5107040;16,26
2020-04-01;5107065;5,69
2020-04-01;5107107;10,68
2020-04-01;5107156;4,32
2020-04-01;5107180;4,65
2020-04-01;5107198;10,77
2020-04-01;5107206;9,95
2020-04-01;5107248;4,11
2020-04-01;5107263;5,09
2020-04-01;5107297;2,07
2020-04-01;5107305;9,13
2020-04-01;5107354;5,08
2020-04-01;5107404;2,09
2020-04-01;5107578;0,52
2020-04-01;5107602;16,28
2020-04-01;5107701;7,78
2020-04-01;5107743;0,43
2020-04-01;5107750;6,75
2020-04-01;5107768;12,39
2020-04-01;5107776;3,57
2020-04-01;5107792;1,82
2020-04-01;5107800;7,14
2020-04-01;5107859;3,37
2020-04-01;5107875;7,87
2020-04-01;5107883;3,82
2020-04-01;5107909;20,65
2020-04-01;5107925;16,83
2020-04-01;5107941;12,69
2020-04-01;5107958;11,39
2020-04-01;5108006;6,8
2020-04-01;5108055;8,19
2020-04-01;5108105;5,15
2020-04-01;5108204;4,24
2020-04-01;5108303;4,62
2020-04-01;5108352;6,94
2020-04-01;5108402;14,09
2020-04-01;5108501;2,68
2020-04-01;5108600;2,83
2020-04-01;5108808;10,71
2020-04-01;5108857;4,55
2020-04-01;5108907;2,74
2020-04-01;5108956;3,84
2020-03-01;1100015;5,06
2020-03-01;1100023;12,81
2020-03-01;1100031;3,92
2020-03-01;1100049;12,41
2020-03-01;1100056;7,69
2020-03-01;1100064;7,71
2020-03-01;1100072;3,54
2020-03-01;1100080;2,2
2020-03-01;1100098;4,57
2020-03-01;1100106;4,79
2020-03-01;1100114;9,81
2020-03-01;1100122;13,01
2020-03-01;1100130;4,22
2020-03-01;1100148;8,35
2020-03-01;1100155;10,25
2020-03-01;1100189;8,38
2020-03-01;1100205;17,09
2020-03-01;1100254;5,79
2020-03-01;1100262;6,08
2020-03-01;1100288;5,47
2020-03-01;1100296;5,64
2020-03-01;1100304;9,68
2020-03-01;1100320;4,08
2020-03-01;1100338;4,96
2020-03-01;1100346;8,88
2020-03-01;1100379;4,89
2020-03-01;1100403;4,51
2020-03-01;1100452;5,93
2020-03-01;1100502;6,8
2020-03-01;1100601;2,91
2020-03-01;1100700;6,23
2020-03-01;1100809;6,1
2020-03-01;1100908;4,19
2020-03-01;1100924;1,82
2020-03-01;1100940;2,36
2020-03-01;1101005;3,42
2020-03-01;1101104;6,07
2020-03-01;1101203;2,38
2020-03-01;1101302;2,44
2020-03-01;1101401;3,61
2020-03-01;1101435;3,5
2020-03-01;1101450;7,7
2020-03-01;1101468;7,56
2020-03-01;1101476;3,61
2020-03-01;1101484;2,4
2020-03-01;1101492;2,5
2020-03-01;1101500;4,83
2020-03-01;1101559;2,72
2020-03-01;1101609;3,94
2020-03-01;1101708;4,15
2020-03-01;1101757;5,51
2020-03-01;1101807;5,25
2020-03-01;5100102;4,48
2020-03-01;5100201;5,37
2020-03-01;5100250;15,91
2020-03-01;5100300;6,46
2020-03-01;5100359;3,27
2020-03-01;5100409;5,3
2020-03-01;5100508;3,41
2020-03-01;5100607;6,36
2020-03-01;5100805;2,39
2020-03-01;5101001;2,87
2020-03-01;5101209;4,92
2020-03-01;5101258;7,0
2020-03-01;5101308;11,1
2020-03-01;5101407;11,06
2020-03-01;5101605;4,36
2020-03-01;5101704;7,7
2020-03-01;5101803;18,66
2020-03-01;5101852;2,81
2020-03-01;5101902;3,91
2020-03-01;5102504;10,97
2020-03-01;5102603;2,57
2020-03-01;5102637;8,44
2020-03-01;5102678;8,33
2020-03-01;5102686;7,37
2020-03-01;5102694;1,45
2020-03-01;5102702;9,01
2020-03-01;5102793;2,44
2020-03-01;5102850;3,07
2020-03-01;5103007;13,33
2020-03-01;5103056;4,3
2020-03-01;5103106;1,81
2020-03-01;5103205;15,85
2020-03-01;5103254;2,35
2020-03-01;5103304;5,5
2020-03-01;5103353;7,21
2020-03-01;5103361;5,7
2020-03-01;5103379;1,14
2020-03-01;5103403;26,44
2020-03-01;5103437;3,91
2020-03-01;5103452;3,96
2020-03-01;5103502;10,98
2020-03-01;5103601;7,73
2020-03-01;5103700;1,28
2020-03-01;5103809;11,71
2020-03-01;5103858;5,65
2020-03-01;5103908;2,38
2020-03-01;5103957;8,06
2020-03-01;5104104;7,38
2020-03-01;5104203;2,95
2020-03-01;5104500;1,96
2020-03-01;5104526;7,29
2020-03-01;5104542;5,92
2020-03-01;5104559;11,94
2020-03-01;5104609;6,08
2020-03-01;5104807;11,26
2020-03-01;5104906;4,71
2020-03-01;5105002;11,16
2020-03-01;5105101;6,58
2020-03-01;5105150;7,38
2020-03-01;5105176;5,72
2020-03-01;5105200;7,64
2020-03-01;5105234;5,18
2020-03-01;5105259;12,96
2020-03-01;5105309;3,66
2020-03-01;5105507;4,02
2020-03-01;5105580;5,92
2020-03-01;5105606;5,5
2020-03-01;5105622;8,33
2020-03-01;5105903;10,9
2020-03-01;5106000;5,01
2020-03-01;5106109;5,33
2020-03-01;5106158;2,22
2020-03-01;5106174;2,75
2020-03-01;5106182;3,84
2020-03-01;5106190;10,89
2020-03-01;5106208;7,73
2020-03-01;5106216;3,01
2020-03-01;5106224;12,96
2020-03-01;5106232;3,75
2020-03-01;5106240;0,92
2020-03-01;5106257;7,77
2020-03-01;5106265;3,34
2020-03-01;5106273;3,45
2020-03-01;5106281;3,8
2020-03-01;5106299;4,18
2020-03-01;5106307;8,47
2020-03-01;5106315;2,39
2020-03-01;5106372;4,37
2020-03-01;5106422;4,47
2020-03-01;5106455;7,55
2020-03-01;5106505;5,54
2020-03-01;5106653;3,16
2020-03-01;5106703;8,76
2020-03-01;5106752;9,38
2020-03-01;5106778;2,21
2020-03-01;5106802;8,95
2020-03-01;5106828;5,67
2020-03-01;5106851;6,38
2020-03-01;5107008;4,2
2020-03-01;5107040;17,6
2020-03-01;5107065;5,69
2020-03-01;5107107;10,66
2020-03-01;5107156;4,36
2020-03-01;5107180;4,83
2020-03-01;5107198;10,31
2020-03-01;5107206;13,05
2020-03-01;5107248;4,46
2020-03-01;5107263;5,12
2020-03-01;5107297;2,09
2020-03-01;5107305;9,07
2020-03-01;5107354;5,11
2020-03-01;5107404;2,28
2020-03-01;5107578;0,52
2020-03-01;5107602;15,01
2020-03-01;5107701;7,35
2020-03-01;5107743;0,43
2020-03-01;5107750;7,07
2020-03-01;5107768;12,28
2020-03-01;5107776;3,2
2020-03-01;5107792;6,09
2020-03-01;5107800;7,32
2020-03-01;5107859;3,43
2020-03-01;5107875;8,35
2020-03-01;5107883;3,88
2020-03-01;5107909;20,15
2020-03-01;5107925;15,9
2020-03-01;5107941;12,64
2020-03-01;5107958;10,25
2020-03-01;5108006;6,76
2020-03-01;5108055;8,24
2020-03-01;5108105;5,2
2020-03-01;5108204;4,43
2020-03-01;5108303;4,65
2020-03-01;5108352;8,79
2020-03-01;5108402;14,17
2020-03-01;5108501;2,76
2020-03-01;5108600;4,63
2020-03-01;5108808;10,49
2020-03-01;5108857;4,58
2020-03-01;5108907;2,71
2020-03-01;5108956;4,9
2020-02-01;1100015;5,07
2020-02-01;1100023;12,73
2020-02-01;1100031;3,97
2020-02-01;1100049;12,46
2020-02-01;1100056;7,74
2020-02-01;1100064;7,77
2020-02-01;1100072;3,61
2020-02-01;1100080;2,2
2020-02-01;1100098;4,42
2020-02-01;1100106;4,89
2020-02-01;1100114;9,99
2020-02-01;1100122;12,45
2020-02-01;1100130;7,41
2020-02-01;1100148;8,33
2020-02-01;1100155;10,36
2020-02-01;1100189;7,74
2020-02-01;1100205;16,65
2020-02-01;1100254;8,59
2020-02-01;1100262;5,98
2020-02-01;1100288;5,55
2020-02-01;1100296;5,74
2020-02-01;1100304;8,26
2020-02-01;1100320;4,08
2020-02-01;1100338;4,85
2020-02-01;1100346;10,41
2020-02-01;1100379;4,86
2020-02-01;1100403;4,42
2020-02-01;1100452;6,24
2020-02-01;1100502;6,76
2020-02-01;1100601;2,84
2020-02-01;1100700;5,42
2020-02-01;1100809;6,64
2020-02-01;1100908;4,16
2020-02-01;1100924;1,88
2020-02-01;1100940;4,2
2020-02-01;1101005;3,4
2020-02-01;1101104;5,94
2020-02-01;1101203;2,43
2020-02-01;1101302;2,44
2020-02-01;1101401;3,7
2020-02-01;1101435;3,49
2020-02-01;1101450;7,72
2020-02-01;1101468;7,51
2020-02-01;1101476;3,43
2020-02-01;1101484;2,44
2020-02-01;1101492;2,52
2020-02-01;1101500;4,81
2020-02-01;1101559;2,92
2020-02-01;1101609;3,52
2020-02-01;1101708;4,16
2020-02-01;1101757;4,95
2020-02-01;1101807;5,25
2020-02-01;5100102;4,54
2020-02-01;5100201;7,36
2020-02-01;5100250;15,91
2020-02-01;5100300;6,59
2020-02-01;5100359;3,28
2020-02-01;5100409;5,39
2020-02-01;5100508;3,46
2020-02-01;5100607;6,46
2020-02-01;5100805;2,4
2020-02-01;5101001;2,94
2020-02-01;5101209;3,53
2020-02-01;5101258;6,98
2020-02-01;5101308;11,1
2020-02-01;5101407;10,63
2020-02-01;5101605;4,2
2020-02-01;5101704;7,82
2020-02-01;5101803;19,06
2020-02-01;5101852;2,83
2020-02-01;5101902;3,88
2020-02-01;5102504;10,84
2020-02-01;5102603;2,47
2020-02-01;5102637;9,01
2020-02-01;5102678;8,39
2020-02-01;5102686;7,46
2020-02-01;5102694;1,5
2020-02-01;5102702;9,04
2020-02-01;5102793;2,46
2020-02-01;5102850;3,08
2020-02-01;5103007;13,36
2020-02-01;5103056;4,37
2020-02-01;5103106;1,81
2020-02-01;5103205;16,26
2020-02-01;5103254;2,78
2020-02-01;5103304;5,43
2020-02-01;5103353;7,6
2020-02-01;5103361;5,5
2020-02-01;5103379;1,15
2020-02-01;5103403;26,64
2020-02-01;5103437;3,87
2020-02-01;5103452;3,98
2020-02-01;5103502;11,1
2020-02-01;5103601;7,36
2020-02-01;5103700;1,26
2020-02-01;5103809;11,71
2020-02-01;5103858;5,65
2020-02-01;5103908;2,42
2020-02-01;5103957;8,1
2020-02-01;5104104;5,11
2020-02-01;5104203;2,97
2020-02-01;5104500;2,22
2020-02-01;5104526;7,37
2020-02-01;5104542;5,88
2020-02-01;5104559;12,13
2020-02-01;5104609;5,9
2020-02-01;5104807;11,17
2020-02-01;5104906;4,72
2020-02-01;5105002;11,18
2020-02-01;5105101;6,85
2020-02-01;5105150;7,78
2020-02-01;5105176;5,65
2020-02-01;5105200;7,66
2020-02-01;5105234;5,2
2020-02-01;5105259;12,8
2020-02-01;5105309;3,66
2020-02-01;5105507;4,06
2020-02-01;5105580;5,96
2020-02-01;5105606;6,28
2020-02-01;5105622;8,58
2020-02-01;5105903;10,19
2020-02-01;5106000;5,04
2020-02-01;5106109;5,35
2020-02-01;5106158;2,22
2020-02-01;5106174;2,75
2020-02-01;5106182;3,86
2020-02-01;5106190;11,05
2020-02-01;5106208;7,7
2020-02-01;5106216;3,07
2020-02-01;5106224;13,23
2020-02-01;5106232;3,77
2020-02-01;5106240;0,9
2020-02-01;5106257;7,64
2020-02-01;5106265;3,34
2020-02-01;5106273;3,35
2020-02-01;5106281;3,98
2020-02-01;5106299;4,11
2020-02-01;5106307;8,26
2020-02-01;5106315;2,42
2020-02-01;5106372;4,48
2020-02-01;5106422;4,64
2020-02-01;5106455;7,63
2020-02-01;5106505;5,41
2020-02-01;5106653;7,44
2020-02-01;5106703;10,34
2020-02-01;5106752;9,52
2020-02-01;5106778;2,23
2020-02-01;5106802;9,17
2020-02-01;5106828;5,49
2020-02-01;5106851;6,45
2020-02-01;5107008;4,25
2020-02-01;5107040;16,3
2020-02-01;5107065;5,7
2020-02-01;5107107;11,93
2020-02-01;5107156;4,32
2020-02-01;5107180;5,0
2020-02-01;5107198;9,36
2020-02-01;5107206;12,51
2020-02-01;5107248;4,53
2020-02-01;5107263;5,15
2020-02-01;5107297;2,12
2020-02-01;5107305;8,74
2020-02-01;5107354;2,23
2020-02-01;5107404;2,37
2020-02-01;5107578;0,45
2020-02-01;5107602;14,71
2020-02-01;5107701;7,13
2020-02-01;5107743;0,43
2020-02-01;5107750;6,98
2020-02-01;5107768;13,07
2020-02-01;5107776;2,38
2020-02-01;5107792;6,49
2020-02-01;5107800;6,86
2020-02-01;5107859;3,47
2020-02-01;5107875;8,87
2020-02-01;5107883;3,88
2020-02-01;5107909;19,86
2020-02-01;5107925;15,64
2020-02-01;5107941;12,51
2020-02-01;5107958;10,43
2020-02-01;5108006;6,91
2020-02-01;5108055;8,32
2020-02-01;5108105;5,62
2020-02-01;5108204;4,49
2020-02-01;5108303;4,65
2020-02-01;5108352;8,89
2020-02-01;5108402;14,22
2020-02-01;5108501;2,94
2020-02-01;5108600;3,85
2020-02-01;5108808;9,63
2020-02-01;5108857;4,64
2020-02-01;5108907;2,6
2020-02-01;5108956;4,97
2020-01-01;1100015;5,29
2020-01-01;1100023;12,06
2020-01-01;1100031;3,99
2020-01-01;1100049;12,46
2020-01-01;1100056;7,77
2020-01-01;1100064;7,84
2020-01-01;1100072;3,63
2020-01-01;1100080;2,87
2020-01-01;1100098;4,47
2020-01-01;1100106;5,07
2020-01-01;1100114;9,26
2020-01-01;1100122;11,87
2020-01-01;1100130;6,39
2020-01-01;1100148;8,32
2020-01-01;1100155;9,83
2020-01-01;1100189;8,71
2020-01-01;1100205;16,51
2020-01-01;1100254;8,23
2020-01-01;1100262;5,74
2020-01-01;1100288;5,62
2020-01-01;1100296;4,85
2020-01-01;1100304;8,03
2020-01-01;1100320;4,33
2020-01-01;1100338;5,43
2020-01-01;1100346;8,84
2020-01-01;1100379;4,73
2020-01-01;1100403;4,38
2020-01-01;1100452;6,38
2020-01-01;1100502;6,82
2020-01-01;1100601;2,76
2020-01-01;1100700;4,92
2020-01-01;1100809;6,25
2020-01-01;1100908;4,19
2020-01-01;1100924;1,9
2020-01-01;1100940;3,53
2020-01-01;1101005;3,53
2020-01-01;1101104;5,88
2020-01-01;1101203;2,12
2020-01-01;1101302;2,39
2020-01-01;1101401;3,7
2020-01-01;1101435;3,53
2020-01-01;1101450;7,72
2020-01-01;1101468;7,65
2020-01-01;1101476;3,64
2020-01-01;1101484;2,17
2020-01-01;1101492;2,97
2020-01-01;1101500;4,71
2020-01-01;1101559;2,92
2020-01-01;1101609;3,01
2020-01-01;1101708;4,26
2020-01-01;1101757;4,38
2020-01-01;1101807;4,92
2020-01-01;5100102;4,45
2020-01-01;5100201;7,13
2020-01-01;5100250;15,77
2020-01-01;5100300;6,68
2020-01-01;5100359;3,31
2020-01-01;5100409;5,53
2020-01-01;5100508;3,48
2020-01-01;5100607;6,55
2020-01-01;5100805;2,41
2020-01-01;5101001;3,32
2020-01-01;5101209;3,53
2020-01-01;5101258;7,1
2020-01-01;5101308;10,96
2020-01-01;5101407;12,98
2020-01-01;5101605;5,42
2020-01-01;5101704;7,9
2020-01-01;5101803;19,23
2020-01-01;5101852;2,83
2020-01-01;5101902;4,05
2020-01-01;5102504;10,66
2020-01-01;5102603;2,47
2020-01-01;5102637;9,15
2020-01-01;5102678;8,51
2020-01-01;5102686;7,5
2020-01-01;5102694;1,52
2020-01-01;5102702;9,04
2020-01-01;5102793;2,51
2020-01-01;5102850;3,1
2020-01-01;5103007;13,07
2020-01-01;5103056;4,45
2020-01-01;5103106;1,61
2020-01-01;5103205;13,91
2020-01-01;5103254;2,8
2020-01-01;5103304;5,53
2020-01-01;5103353;7,95
2020-01-01;5103361;5,47
2020-01-01;5103379;1,17
2020-01-01;5103403;26,41
2020-01-01;5103437;3,91
2020-01-01;5103452;3,98
2020-01-01;5103502;11,28
2020-01-01;5103601;7,56
2020-01-01;5103700;1,14
2020-01-01;5103809;11,56
2020-01-01;5103858;5,7
2020-01-01;5103908;2,42
2020-01-01;5103957;8,26
2020-01-01;5104104;5,27
2020-01-01;5104203;3,01
2020-01-01;5104500;2,29
2020-01-01;5104526;7,49
2020-01-01;5104542;5,97
2020-01-01;5104559;12,34
2020-01-01;5104609;6,8
2020-01-01;5104807;11,42
2020-01-01;5104906;4,84
2020-01-01;5105002;10,74
2020-01-01;5105101;6,97
2020-01-01;5105150;8,06
2020-01-01;5105176;5,65
2020-01-01;5105200;8,31
2020-01-01;5105234;3,77
2020-01-01;5105259;14,88
2020-01-01;5105309;3,61
2020-01-01;5105507;4,0
2020-01-01;5105580;6,03
2020-01-01;5105606;4,08
2020-01-01;5105622;8,79
2020-01-01;5105903;10,15
2020-01-01;5106000;5,08
2020-01-01;5106109;5,35
2020-01-01;5106158;2,98
2020-01-01;5106174;2,6
2020-01-01;5106182;3,8
2020-01-01;5106190;11,11
2020-01-01;5106208;7,6
2020-01-01;5106216;3,1
2020-01-01;5106224;13,37
2020-01-01;5106232;3,88
2020-01-01;5106240;0,83
2020-01-01;5106257;7,48
2020-01-01;5106265;3,37
2020-01-01;5106273;3,37
2020-01-01;5106281;3,86
2020-01-01;5106299;3,95
2020-01-01;5106307;8,38
2020-01-01;5106315;2,46
2020-01-01;5106372;4,55
2020-01-01;5106422;4,09
2020-01-01;5106455;6,95
2020-01-01;5106505;5,44
2020-01-01;5106653;7,3
2020-01-01;5106703;9,58
2020-01-01;5106752;10,54
2020-01-01;5106778;2,27
2020-01-01;5106802;9,24
2020-01-01;5106828;4,77
2020-01-01;5106851;6,28
2020-01-01;5107008;4,38
2020-01-01;5107040;17,81
2020-01-01;5107065;5,77
2020-01-01;5107107;10,34
2020-01-01;5107156;4,28
2020-01-01;5107180;5,15
2020-01-01;5107198;9,56
2020-01-01;5107206;8,59
2020-01-01;5107248;4,64
2020-01-01;5107263;5,18
2020-01-01;5107297;2,09
2020-01-01;5107305;8,82
2020-01-01;5107354;5,22
2020-01-01;5107404;2,67
2020-01-01;5107578;0,45
2020-01-01;5107602;14,49
2020-01-01;5107701;7,11
2020-01-01;5107743;1,56
2020-01-01;5107750;5,26
2020-01-01;5107768;13,15
2020-01-01;5107776;2,95
2020-01-01;5107792;1,1
2020-01-01;5107800;8,08
2020-01-01;5107859;3,51
2020-01-01;5107875;9,19
2020-01-01;5107883;3,88
2020-01-01;5107909;20,09
2020-01-01;5107925;13,34
2020-01-01;5107941;11,19
2020-01-01;5107958;11,33
2020-01-01;5108006;7,33
2020-01-01;5108055;7,83
2020-01-01;5108105;5,41
2020-01-01;5108204;4,49
2020-01-01;5108303;4,68
2020-01-01;5108352;6,3
2020-01-01;5108402;14,21
2020-01-01;5108501;2,65
2020-01-01;5108600;4,46
2020-01-01;5108808;9,27
2020-01-01;5108857;4,61
2020-01-01;5108907;2,64
2020-01-01;5108956;4,95
2019-12-01;1100015;5,39
2019-12-01;1100023;11,45
2019-12-01;1100031;3,99
2019-12-01;1100049;12,38
2019-12-01;1100056;7,85
2019-12-01;1100064;7,93
2019-12-01;1100072;3,69
2019-12-01;1100080;2,89
2019-12-01;1100098;3,01
2019-12-01;1100106;5,11
2019-12-01;1100114;8,45
2019-12-01;1100122;11,93
2019-12-01;1100130;6,08
2019-12-01;1100148;8,34
2019-12-01;1100155;7,73
2019-12-01;1100189;8,75
2019-12-01;1100205;15,95
2019-12-01;1100254;7,53
2019-12-01;1100262;5,55
2019-12-01;1100288;5,78
2019-12-01;1100296;4,9
2019-12-01;1100304;8,14
2019-12-01;1100320;4,36
2019-12-01;1100338;5,24
2019-12-01;1100346;8,22
2019-12-01;1100379;2,41
2019-12-01;1100403;4,48
2019-12-01;1100452;5,65
2019-12-01;1100502;6,83
2019-12-01;1100601;2,58
2019-12-01;1100700;4,98
2019-12-01;1100809;6,35
2019-12-01;1100908;4,33
2019-12-01;1100924;1,92
2019-12-01;1100940;3,36
2019-12-01;1101005;3,7
2019-12-01;1101104;5,75
2019-12-01;1101203;1,97
2019-12-01;1101302;2,46
2019-12-01;1101401;3,91
2019-12-01;1101435;3,39
2019-12-01;1101450;7,74
2019-12-01;1101468;7,7
2019-12-01;1101476;3,43
2019-12-01;1101484;2,3
2019-12-01;1101492;2,99
2019-12-01;1101500;4,74
2019-12-01;1101559;2,95
2019-12-01;1101609;3,15
2019-12-01;1101708;4,31
2019-12-01;1101757;5,02
2019-12-01;1101807;5,22
2019-12-01;5100102;4,45
2019-12-01;5100201;7,19
2019-12-01;5100250;15,68
2019-12-01;5100300;6,84
2019-12-01;5100359;3,33
2019-12-01;5100409;5,71
2019-12-01;5100508;3,5
2019-12-01;5100607;6,65
2019-12-01;5100805;2,4
2019-12-01;5101001;3,42
2019-12-01;5101209;3,53
2019-12-01;5101258;7,22
2019-12-01;5101308;10,89
2019-12-01;5101407;11,11
2019-12-01;5101605;4,11
2019-12-01;5101704;7,76
2019-12-01;5101803;19,41
2019-12-01;5101852;2,87
2019-12-01;5101902;3,65
2019-12-01;5102504;10,12
2019-12-01;5102603;2,47
2019-12-01;5102637;10,25
2019-12-01;5102678;8,48
2019-12-01;5102686;7,53
2019-12-01;5102694;1,56
2019-12-01;5102702;9,06
2019-12-01;5102793;2,48
2019-12-01;5102850;3,13
2019-12-01;5103007;13,12
2019-12-01;5103056;4,52
2019-12-01;5103106;1,42
2019-12-01;5103205;16,46
2019-12-01;5103254;2,25
2019-12-01;5103304;5,57
2019-12-01;5103353;7,9
2019-12-01;5103361;5,57
2019-12-01;5103379;1,19
2019-12-01;5103403;26,37
2019-12-01;5103437;3,91
2019-12-01;5103452;4,04
2019-12-01;5103502;11,58
2019-12-01;5103601;7,67
2019-12-01;5103700;1,42
2019-12-01;5103809;11,65
2019-12-01;5103858;5,78
2019-12-01;5103908;2,44
2019-12-01;5103957;8,43
2019-12-01;5104104;5,27
2019-12-01;5104203;3,04
2019-12-01;5104500;4,36
2019-12-01;5104526;7,4
2019-12-01;5104542;6,04
2019-12-01;5104559;12,47
2019-12-01;5104609;7,12
2019-12-01;5104807;11,95
2019-12-01;5104906;4,86
2019-12-01;5105002;10,9
2019-12-01;5105101;6,91
2019-12-01;5105150;8,29
2019-12-01;5105176;5,24
2019-12-01;5105200;8,11
2019-12-01;5105234;3,81
2019-12-01;5105259;14,66
2019-12-01;5105309;3,76
2019-12-01;5105507;4,0
2019-12-01;5105580;6,04
2019-12-01;5105606;6,14
2019-12-01;5105622;8,93
2019-12-01;5105903;10,58
2019-12-01;5106000;5,11
2019-12-01;5106109;5,29
2019-12-01;5106158;3,05
2019-12-01;5106174;2,49
2019-12-01;5106182;3,8
2019-12-01;5106190;11,16
2019-12-01;5106208;7,6
2019-12-01;5106216;3,14
2019-12-01;5106224;13,63
2019-12-01;5106232;3,96
2019-12-01;5106240;0,96
2019-12-01;5106257;7,39
2019-12-01;5106265;3,5
2019-12-01;5106273;3,4
2019-12-01;5106281;3,9
2019-12-01;5106299;3,91
2019-12-01;5106307;8,01
2019-12-01;5106315;2,5
2019-12-01;5106372;4,65
2019-12-01;5106422;4,58
2019-12-01;5106455;5,97
2019-12-01;5106505;5,51
2019-12-01;5106653;7,44
2019-12-01;5106703;9,58
2019-12-01;5106752;10,09
2019-12-01;5106778;2,32
2019-12-01;5106802;9,57
2019-12-01;5106828;4,81
2019-12-01;5106851;6,07
2019-12-01;5107008;4,35
2019-12-01;5107040;18,2
2019-12-01;5107065;5,49
2019-12-01;5107107;11,78
2019-12-01;5107156;4,32
2019-12-01;5107180;5,2
2019-12-01;5107198;10,94
2019-12-01;5107206;7,53
2019-12-01;5107248;4,62
2019-12-01;5107263;5,18
2019-12-01;5107297;2,12
2019-12-01;5107305;8,38
2019-12-01;5107354;5,29
2019-12-01;5107404;2,58
2019-12-01;5107578;0,45
2019-12-01;5107602;14,02
2019-12-01;5107701;6,26
2019-12-01;5107743;1,48
2019-12-01;5107750;5,32
2019-12-01;5107768;12,77
2019-12-01;5107776;2,82
2019-12-01;5107792;5,12
2019-12-01;5107800;6,68
2019-12-01;5107859;3,6
2019-12-01;5107875;9,18
2019-12-01;5107883;3,94
2019-12-01;5107909;18,87
2019-12-01;5107925;14,48
2019-12-01;5107941;10,75
2019-12-01;5107958;11,39
2019-12-01;5108006;7,57
2019-12-01;5108055;6,88
2019-12-01;5108105;6,91
2019-12-01;5108204;5,02
2019-12-01;5108303;4,74
2019-12-01;5108352;6,43
2019-12-01;5108402;14,35
2019-12-01;5108501;2,97
2019-12-01;5108600;4,51
2019-12-01;5108808;8,81
2019-12-01;5108857;4,58
2019-12-01;5108907;2,33
2019-12-01;5108956;5,06
2019-11-01;1100015;5,38
2019-11-01;1100023;10,69
2019-11-01;1100031;3,99
2019-11-01;1100049;12,54
2019-11-01;1100056;7,82
2019-11-01;1100064;8,02
2019-11-01;1100072;3,77
2019-11-01;1100080;2,35
2019-11-01;1100098;4,57
2019-11-01;1100106;5,09
2019-11-01;1100114;8,34
2019-11-01;1100122;11,98
2019-11-01;1100130;6,76
2019-11-01;1100148;8,38
2019-11-01;1100155;8,21
2019-11-01;1100189;8,81
2019-11-01;1100205;15,87
2019-11-01;1100254;8,34
2019-11-01;1100262;5,15
2019-11-01;1100288;5,74
2019-11-01;1100296;4,93
2019-11-01;1100304;8,14
2019-11-01;1100320;4,22
2019-11-01;1100338;4,93
2019-11-01;1100346;8,8
2019-11-01;1100379;2,58
2019-11-01;1100403;4,43
2019-11-01;1100452;5,46
2019-11-01;1100502;6,83
2019-11-01;1100601;2,46
2019-11-01;1100700;4,84
2019-11-01;1100809;6,23
2019-11-01;1100908;4,33
2019-11-01;1100924;1,99
2019-11-01;1100940;3,25
2019-11-01;1101005;3,66
2019-11-01;1101104;5,62
2019-11-01;1101203;2,12
2019-11-01;1101302;2,35
2019-11-01;1101401;3,92
2019-11-01;1101435;3,37
2019-11-01;1101450;7,74
2019-11-01;1101468;7,7
2019-11-01;1101476;3,26
2019-11-01;1101484;2,46
2019-11-01;1101492;3,0
2019-11-01;1101500;4,73
2019-11-01;1101559;2,99
2019-11-01;1101609;2,88
2019-11-01;1101708;4,4
2019-11-01;1101757;4,36
2019-11-01;1101807;5,23
2019-11-01;5100102;4,43
2019-11-01;5100201;5,36
2019-11-01;5100250;15,59
2019-11-01;5100300;6,86
2019-11-01;5100359;3,34
2019-11-01;5100409;5,82
2019-11-01;5100508;3,56
2019-11-01;5100607;6,61
2019-11-01;5100805;2,42
2019-11-01;5101001;3,45
2019-11-01;5101209;3,53
2019-11-01;5101258;7,14
2019-11-01;5101308;11,26
2019-11-01;5101407;14,22
2019-11-01;5101605;3,74
2019-11-01;5101704;7,67
2019-11-01;5101803;19,62
2019-11-01;5101852;2,89
2019-11-01;5101902;3,78
2019-11-01;5102504;10,11
2019-11-01;5102603;2,48
2019-11-01;5102637;10,25
2019-11-01;5102678;8,5
2019-11-01;5102686;7,6
2019-11-01;5102694;1,58
2019-11-01;5102702;9,09
2019-11-01;5102793;2,47
2019-11-01;5102850;3,13
2019-11-01;5103007;13,03
2019-11-01;5103056;4,63
2019-11-01;5103106;1,49
2019-11-01;5103205;16,37
2019-11-01;5103254;2,69
2019-11-01;5103304;5,61
2019-11-01;5103353;7,73
2019-11-01;5103361;5,67
2019-11-01;5103379;1,2
2019-11-01;5103403;26,33
2019-11-01;5103437;3,95
2019-11-01;5103452;3,74
2019-11-01;5103502;11,85
2019-11-01;5103601;7,32
2019-11-01;5103700;1,28
2019-11-01;5103809;10,05
2019-11-01;5103858;5,74
2019-11-01;5103908;2,47
2019-11-01;5103957;8,2
2019-11-01;5104104;6,59
2019-11-01;5104203;3,09
2019-11-01;5104500;4,51
2019-11-01;5104526;7,49
2019-11-01;5104542;6,0
2019-11-01;5104559;12,86
2019-11-01;5104609;6,54
2019-11-01;5104807;11,82
2019-11-01;5104906;4,91
2019-11-01;5105002;9,86
2019-11-01;5105101;6,99
2019-11-01;5105150;8,67
2019-11-01;5105176;5,42
2019-11-01;5105200;7,16
2019-11-01;5105234;4,2
2019-11-01;5105259;14,86
2019-11-01;5105309;3,85
2019-11-01;5105507;3,97
2019-11-01;5105580;6,1
2019-11-01;5105606;5,4
2019-11-01;5105622;9,01
2019-11-01;5105903;10,2
2019-11-01;5106000;5,11
2019-11-01;5106109;5,04
2019-11-01;5106158;2,97
2019-11-01;5106174;2,52
2019-11-01;5106182;3,83
2019-11-01;5106190;11,22
2019-11-01;5106208;7,5
2019-11-01;5106216;3,18
2019-11-01;5106224;13,36
2019-11-01;5106232;3,84
2019-11-01;5106240;1,04
2019-11-01;5106257;7,14
2019-11-01;5106265;3,41
2019-11-01;5106273;3,37
2019-11-01;5106281;3,86
2019-11-01;5106299;2,29
2019-11-01;5106307;7,73
2019-11-01;5106315;2,46
2019-11-01;5106372;3,74
2019-11-01;5106422;4,41
2019-11-01;5106455;5,97
2019-11-01;5106505;5,48
2019-11-01;5106653;3,92
2019-11-01;5106703;9,2
2019-11-01;5106752;10,31
2019-11-01;5106778;2,34
2019-11-01;5106802;9,7
2019-11-01;5106828;4,91
2019-11-01;5106851;5,3
2019-11-01;5107008;4,37
2019-11-01;5107040;18,18
2019-11-01;5107065;5,49
2019-11-01;5107107;12,45
2019-11-01;5107156;4,28
2019-11-01;5107180;5,33
2019-11-01;5107198;10,64
2019-11-01;5107206;8,42
2019-11-01;5107248;4,55
2019-11-01;5107263;5,21
2019-11-01;5107297;2,17
2019-11-01;5107305;7,41
2019-11-01;5107354;4,24
2019-11-01;5107404;2,5
2019-11-01;5107578;0,47
2019-11-01;5107602;13,84
2019-11-01;5107701;6,25
2019-11-01;5107743;1,48
2019-11-01;5107750;5,5
2019-11-01;5107768;12,54
2019-11-01;5107776;1,16
2019-11-01;5107792;4,89
2019-11-01;5107800;6,01
2019-11-01;5107859;3,63
2019-11-01;5107875;9,19
2019-11-01;5107883;3,94
2019-11-01;5107909;18,91
2019-11-01;5107925;14,5
2019-11-01;5107941;10,61
2019-11-01;5107958;11,72
2019-11-01;5108006;7,6
2019-11-01;5108055;6,92
2019-11-01;5108105;5,31
2019-11-01;5108204;5,29
2019-11-01;5108303;4,74
2019-11-01;5108352;6,62
2019-11-01;5108402;14,39
2019-11-01;5108501;2,79
2019-11-01;5108600;4,44
2019-11-01;5108808;7,46
2019-11-01;5108857;4,3
2019-11-01;5108907;2,36
2019-11-01;5108956;5,07
2019-10-01;1100015;5,33
2019-10-01;1100023;10,74
2019-10-01;1100031;4,03
2019-10-01;1100049;12,67
2019-10-01;1100056;7,89
2019-10-01;1100064;8,1
2019-10-01;1100072;3,82
2019-10-01;1100080;2,34
2019-10-01;1100098;4,64
2019-10-01;1100106;5,22
2019-10-01;1100114;8,53
2019-10-01;1100122;11,42
2019-10-01;1100130;8,34
2019-10-01;1100148;7,96
2019-10-01;1100155;7,62
2019-10-01;1100189;8,34
2019-10-01;1100205;15,85
2019-10-01;1100254;9,88
2019-10-01;1100262;4,89
2019-10-01;1100288;5,85
2019-10-01;1100296;4,93
2019-10-01;1100304;8,33
2019-10-01;1100320;4,21
2019-10-01;1100338;4,94
2019-10-01;1100346;8,24
2019-10-01;1100379;2,36
2019-10-01;1100403;4,38
2019-10-01;1100452;5,79
2019-10-01;1100502;6,85
2019-10-01;1100601;2,39
2019-10-01;1100700;4,84
2019-10-01;1100809;6,26
2019-10-01;1100908;4,49
2019-10-01;1100924;2,02
2019-10-01;1100940;4,19
2019-10-01;1101005;3,57
2019-10-01;1101104;5,5
2019-10-01;1101203;2,0
2019-10-01;1101302;2,4
2019-10-01;1101401;3,89
2019-10-01;1101435;3,26
2019-10-01;1101450;7,74
2019-10-01;1101468;7,88
2019-10-01;1101476;3,19
2019-10-01;1101484;2,2
2019-10-01;1101492;3,01
2019-10-01;1101500;4,77
2019-10-01;1101559;2,95
2019-10-01;1101609;2,69
2019-10-01;1101708;6,07
2019-10-01;1101757;4,95
2019-10-01;1101807;5,01
2019-10-01;5100102;4,41
2019-10-01;5100201;5,45
2019-10-01;5100250;15,85
2019-10-01;5100300;6,91
2019-10-01;5100359;3,37
2019-10-01;5100409;5,96
2019-10-01;5100508;3,65
2019-10-01;5100607;6,67
2019-10-01;5100805;2,42
2019-10-01;5101001;3,48
2019-10-01;5101209;3,53
2019-10-01;5101258;7,15
2019-10-01;5101308;11,55
2019-10-01;5101407;13,39
2019-10-01;5101605;4,31
2019-10-01;5101704;8,39
2019-10-01;5101803;19,81
2019-10-01;5101852;2,89
2019-10-01;5101902;3,88
2019-10-01;5102504;9,66
2019-10-01;5102603;2,56
2019-10-01;5102637;10,26
2019-10-01;5102678;8,41
2019-10-01;5102686;7,87
2019-10-01;5102694;1,64
2019-10-01;5102702;8,76
2019-10-01;5102793;2,47
2019-10-01;5102850;3,14
2019-10-01;5103007;13,0
2019-10-01;5103056;4,76
2019-10-01;5103106;1,32
2019-10-01;5103205;16,72
2019-10-01;5103254;2,7
2019-10-01;5103304;5,59
2019-10-01;5103353;7,75
2019-10-01;5103361;5,7
2019-10-01;5103379;1,18
2019-10-01;5103403;26,59
2019-10-01;5103437;3,99
2019-10-01;5103452;4,05
2019-10-01;5103502;12,09
2019-10-01;5103601;7,32
2019-10-01;5103700;1,29
2019-10-01;5103809;10,1
2019-10-01;5103858;5,71
2019-10-01;5103908;2,38
2019-10-01;5103957;7,4
2019-10-01;5104104;5,52
2019-10-01;5104203;3,12
2019-10-01;5104500;4,58
2019-10-01;5104526;7,53
2019-10-01;5104542;6,01
2019-10-01;5104559;13,31
2019-10-01;5104609;4,83
2019-10-01;5104807;11,28
2019-10-01;5104906;4,99
2019-10-01;5105002;9,97
2019-10-01;5105101;7,75
2019-10-01;5105150;8,62
2019-10-01;5105176;5,16
2019-10-01;5105200;5,2
2019-10-01;5105234;3,56
2019-10-01;5105259;14,67
2019-10-01;5105309;3,9
2019-10-01;5105507;3,97
2019-10-01;5105580;6,13
2019-10-01;5105606;5,64
2019-10-01;5105622;9,11
2019-10-01;5105903;10,28
2019-10-01;5106000;5,18
2019-10-01;5106109;5,02
2019-10-01;5106158;2,85
2019-10-01;5106174;2,6
2019-10-01;5106182;3,78
2019-10-01;5106190;11,35
2019-10-01;5106208;7,55
2019-10-01;5106216;3,18
2019-10-01;5106224;14,74
2019-10-01;5106232;4,14
2019-10-01;5106240;0,88
2019-10-01;5106257;7,25
2019-10-01;5106265;3,42
2019-10-01;5106273;3,75
2019-10-01;5106281;3,65
2019-10-01;5106299;2,31
2019-10-01;5106307;6,99
2019-10-01;5106315;2,46
2019-10-01;5106372;3,82
2019-10-01;5106422;4,51
2019-10-01;5106455;5,71
2019-10-01;5106505;5,51
2019-10-01;5106653;7,84
2019-10-01;5106703;9,84
2019-10-01;5106752;10,14
2019-10-01;5106778;2,34
2019-10-01;5106802;9,83
2019-10-01;5106828;3,41
2019-10-01;5106851;5,8
2019-10-01;5107008;4,33
2019-10-01;5107040;17,62
2019-10-01;5107065;5,23
2019-10-01;5107107;14,12
2019-10-01;5107156;4,25
2019-10-01;5107180;5,44
2019-10-01;5107198;10,85
2019-10-01;5107206;6,65
2019-10-01;5107248;4,53
2019-10-01;5107263;5,24
2019-10-01;5107297;2,14
2019-10-01;5107305;7,54
2019-10-01;5107354;4,31
2019-10-01;5107404;2,52
2019-10-01;5107578;0,4
2019-10-01;5107602;13,88
2019-10-01;5107701;6,27
2019-10-01;5107743;0,94
2019-10-01;5107750;6,6
2019-10-01;5107768;12,02
2019-10-01;5107776;1,16
2019-10-01;5107792;3,94
2019-10-01;5107800;6,33
2019-10-01;5107859;3,65
2019-10-01;5107875;9,18
2019-10-01;5107883;3,94
2019-10-01;5107909;18,78
2019-10-01;5107925;14,46
2019-10-01;5107941;10,85
2019-10-01;5107958;12,1
2019-10-01;5108006;8,08
2019-10-01;5108055;6,99
2019-10-01;5108105;5,23
2019-10-01;5108204;4,96
2019-10-01;5108303;4,74
2019-10-01;5108352;3,61
2019-10-01;5108402;14,51
2019-10-01;5108501;2,83
2019-10-01;5108600;4,38
2019-10-01;5108808;7,46
2019-10-01;5108857;4,39
2019-10-01;5108907;1,97
2019-10-01;5108956;5,1
2019-09-01;1100015;3,75
2019-09-01;1100023;12,05
2019-09-01;1100031;3,52
2019-09-01;1100049;13,05
2019-09-01;1100056;7,95
2019-09-01;1100064;8,45
2019-09-01;1100072;3,91
2019-09-01;1100080;2,48
2019-09-01;1100098;4,59
2019-09-01;1100106;5,23
2019-09-01;1100114;8,75
2019-09-01;1100122;11,68
2019-09-01;1100130;7,42
2019-09-01;1100148;7,93
2019-09-01;1100155;10,24
2019-09-01;1100189;10,5
2019-09-01;1100205;15,42
2019-09-01;1100254;10,18
2019-09-01;1100262;4,62
2019-09-01;1100288;5,83
2019-09-01;1100296;4,6
2019-09-01;1100304;8,08
2019-09-01;1100320;2,58
2019-09-01;1100338;4,87
2019-09-01;1100346;7,79
2019-09-01;1100379;4,76
2019-09-01;1100403;4,31
2019-09-01;1100452;5,63
2019-09-01;1100502;7,6
2019-09-01;1100601;2,31
2019-09-01;1100700;4,75
2019-09-01;1100809;6,22
2019-09-01;1100908;5,37
2019-09-01;1100924;2,09
2019-09-01;1100940;3,59
2019-09-01;1101005;3,39
2019-09-01;1101104;5,5
2019-09-01;1101203;1,7
2019-09-01;1101302;2,37
2019-09-01;1101401;3,84
2019-09-01;1101435;3,2
2019-09-01;1101450;7,79
2019-09-01;1101468;7,93
2019-09-01;1101476;3,68
2019-09-01;1101484;2,53
2019-09-01;1101492;1,53
2019-09-01;1101500;4,27
2019-09-01;1101559;3,06
2019-09-01;1101609;2,46
2019-09-01;1101708;4,41
2019-09-01;1101757;4,63
2019-09-01;1101807;8,97
2019-09-01;5100102;4,45
2019-09-01;5100201;5,37
2019-09-01;5100250;15,88
2019-09-01;5100300;6,96
2019-09-01;5100359;3,46
2019-09-01;5100409;7,02
2019-09-01;5100508;3,56
2019-09-01;5100607;6,72
2019-09-01;5100805;2,43
2019-09-01;5101001;3,71
2019-09-01;5101209;3,53
2019-09-01;5101258;7,17
2019-09-01;5101308;11,84
2019-09-01;5101407;10,25
2019-09-01;5101605;4,12
2019-09-01;5101704;8,47
2019-09-01;5101803;17,72
2019-09-01;5101852;2,95
2019-09-01;5101902;4,0
2019-09-01;5102504;9,36
2019-09-01;5102603;2,57
2019-09-01;5102637;10,38
2019-09-01;5102678;8,35
2019-09-01;5102686;7,97
2019-09-01;5102694;1,69
2019-09-01;5102702;8,96
2019-09-01;5102793;2,49
2019-09-01;5102850;3,13
2019-09-01;5103007;12,91
2019-09-01;5103056;4,82
2019-09-01;5103106;1,37
2019-09-01;5103205;16,02
2019-09-01;5103254;2,76
2019-09-01;5103304;5,56
2019-09-01;5103353;7,71
2019-09-01;5103361;5,99
2019-09-01;5103379;1,19
2019-09-01;5103403;26,63
2019-09-01;5103437;3,99
2019-09-01;5103452;4,12
2019-09-01;5103502;11,98
2019-09-01;5103601;7,13
2019-09-01;5103700;1,32
2019-09-01;5103809;10,53
2019-09-01;5103858;5,98
2019-09-01;5103908;2,56
2019-09-01;5103957;7,47
2019-09-01;5104104;5,38
2019-09-01;5104203;3,18
2019-09-01;5104500;4,72
2019-09-01;5104526;7,54
2019-09-01;5104542;6,03
2019-09-01;5104559;13,41
2019-09-01;5104609;5,78
2019-09-01;5104807;11,14
2019-09-01;5104906;4,99
2019-09-01;5105002;9,89
2019-09-01;5105101;7,8
2019-09-01;5105150;8,61
2019-09-01;5105176;4,97
2019-09-01;5105200;7,62
2019-09-01;5105234;3,56
2019-09-01;5105259;14,73
2019-09-01;5105309;3,9
2019-09-01;5105507;3,91
2019-09-01;5105580;3,79
2019-09-01;5105606;5,8
2019-09-01;5105622;9,19
2019-09-01;5105903;10,34
2019-09-01;5106000;5,19
2019-09-01;5106109;4,93
2019-09-01;5106158;2,87
2019-09-01;5106174;2,68
2019-09-01;5106182;3,72
2019-09-01;5106190;11,35
2019-09-01;5106208;7,52
2019-09-01;5106216;3,17
2019-09-01;5106224;14,4
2019-09-01;5106232;4,26
2019-09-01;5106240;0,93
2019-09-01;5106257;7,14
2019-09-01;5106265;3,49
2019-09-01;5106273;3,75
2019-09-01;5106281;3,96
2019-09-01;5106299;2,32
2019-09-01;5106307;7,69
2019-09-01;5106315;2,46
2019-09-01;5106372;3,93
2019-09-01;5106422;4,47
2019-09-01;5106455;5,67
2019-09-01;5106505;5,53
2019-09-01;5106653;8,0
2019-09-01;5106703;9,84
2019-09-01;5106752;10,34
2019-09-01;5106778;2,35
2019-09-01;5106802;10,07
2019-09-01;5106828;3,43
2019-09-01;5106851;5,77
2019-09-01;5107008;4,58
2019-09-01;5107040;18,68
2019-09-01;5107065;5,26
2019-09-01;5107107;14,13
2019-09-01;5107156;4,21
2019-09-01;5107180;5,51
2019-09-01;5107198;10,6
2019-09-01;5107206;6,69
2019-09-01;5107248;4,62
2019-09-01;5107263;5,31
2019-09-01;5107297;2,07
2019-09-01;5107305;7,84
2019-09-01;5107354;4,33
2019-09-01;5107404;2,56
2019-09-01;5107578;0,4
2019-09-01;5107602;13,62
2019-09-01;5107701;6,23
2019-09-01;5107743;0,94
2019-09-01;5107750;6,48
2019-09-01;5107768;11,96
2019-09-01;5107776;2,08
2019-09-01;5107792;4,08
2019-09-01;5107800;5,87
2019-09-01;5107859;3,65
2019-09-01;5107875;10,31
2019-09-01;5107883;3,94
2019-09-01;5107909;19,14
2019-09-01;5107925;13,13
2019-09-01;5107941;10,1
2019-09-01;5107958;11,09
2019-09-01;5108006;7,82
2019-09-01;5108055;5,04
2019-09-01;5108105;5,15
2019-09-01;5108204;5,38
2019-09-01;5108303;4,74
2019-09-01;5108352;3,61
2019-09-01;5108402;14,56
2019-09-01;5108501;2,95
2019-09-01;5108600;4,37
2019-09-01;5108808;7,5
2019-09-01;5108857;4,45
2019-09-01;5108907;1,86
2019-09-01;5108956;5,09
2019-08-01;1100015;4,26
2019-08-01;1100023;11,94
2019-08-01;1100031;3,24
2019-08-01;1100049;10,68
2019-08-01;1100056;7,96
2019-08-01;1100064;8,57
2019-08-01;1100072;3,64
2019-08-01;1100080;2,56
2019-08-01;1100098;4,68
2019-08-01;1100106;5,56
2019-08-01;1100114;8,83
2019-08-01;1100122;11,92
2019-08-01;1100130;7,81
2019-08-01;1100148;7,93
2019-08-01;1100155;9,62
2019-08-01;1100189;10,84
2019-08-01;1100205;15,37
2019-08-01;1100254;10,31
2019-08-01;1100262;4,46
2019-08-01;1100288;5,75
2019-08-01;1100296;4,25
2019-08-01;1100304;8,24
2019-08-01;1100320;2,33
2019-08-01;1100338;5,25
2019-08-01;1100346;7,24
2019-08-01;1100379;4,46
2019-08-01;1100403;4,22
2019-08-01;1100452;5,54
2019-08-01;1100502;7,57
2019-08-01;1100601;2,22
2019-08-01;1100700;4,64
2019-08-01;1100809;6,05
2019-08-01;1100908;5,47
2019-08-01;1100924;2,14
2019-08-01;1100940;3,67
2019-08-01;1101005;3,41
2019-08-01;1101104;5,7
2019-08-01;1101203;1,86
2019-08-01;1101302;2,47
2019-08-01;1101401;3,82
2019-08-01;1101435;3,24
2019-08-01;1101450;7,74
2019-08-01;1101468;7,15
2019-08-01;1101476;3,89
2019-08-01;1101484;2,84
2019-08-01;1101492;1,56
2019-08-01;1101500;4,21
2019-08-01;1101559;3,04
2019-08-01;1101609;2,43
2019-08-01;1101708;5,33
2019-08-01;1101757;4,27
2019-08-01;1101807;8,78
2019-08-01;5100102;4,24
2019-08-01;5100201;7,03
2019-08-01;5100250;16,64
2019-08-01;5100300;6,96
2019-08-01;5100359;3,49
2019-08-01;5100409;6,77
2019-08-01;5100508;3,6
2019-08-01;5100607;6,77
2019-08-01;5100805;2,46
2019-08-01;5101001;3,97
2019-08-01;5101209;3,42
2019-08-01;5101258;7,06
2019-08-01;5101308;11,96
2019-08-01;5101407;9,99
2019-08-01;5101605;5,06
2019-08-01;5101704;8,45
2019-08-01;5101803;17,78
2019-08-01;5101852;2,95
2019-08-01;5101902;4,01
2019-08-01;5102504;9,05
2019-08-01;5102603;2,55
2019-08-01;5102637;10,48
2019-08-01;5102678;8,4
2019-08-01;5102686;8,05
2019-08-01;5102694;1,71
2019-08-01;5102702;8,55
2019-08-01;5102793;2,23
2019-08-01;5102850;3,13
2019-08-01;5103007;12,72
2019-08-01;5103056;4,89
2019-08-01;5103106;1,37
2019-08-01;5103205;16,1
2019-08-01;5103254;4,05
2019-08-01;5103304;5,62
2019-08-01;5103353;7,3
2019-08-01;5103361;6,04
2019-08-01;5103379;1,19
2019-08-01;5103403;26,69
2019-08-01;5103437;3,91
2019-08-01;5103452;4,13
2019-08-01;5103502;12,18
2019-08-01;5103601;7,03
2019-08-01;5103700;1,32
2019-08-01;5103809;10,56
2019-08-01;5103858;5,66
2019-08-01;5103908;2,45
2019-08-01;5103957;7,5
2019-08-01;5104104;5,13
2019-08-01;5104203;3,26
2019-08-01;5104500;4,8
2019-08-01;5104526;7,54
2019-08-01;5104542;6,01
2019-08-01;5104559;13,34
2019-08-01;5104609;6,4
2019-08-01;5104807;10,82
2019-08-01;5104906;5,01
2019-08-01;5105002;10,04
2019-08-01;5105101;7,37
2019-08-01;5105150;8,83
2019-08-01;5105176;8,01
2019-08-01;5105200;2,74
2019-08-01;5105234;3,53
2019-08-01;5105259;14,59
2019-08-01;5105309;3,9
2019-08-01;5105507;3,89
2019-08-01;5105580;3,8
2019-08-01;5105606;5,91
2019-08-01;5105622;9,17
2019-08-01;5105903;10,33
2019-08-01;5106000;5,18
2019-08-01;5106109;4,73
2019-08-01;5106158;3,07
2019-08-01;5106174;2,68
2019-08-01;5106182;3,8
2019-08-01;5106190;11,43
2019-08-01;5106208;7,5
2019-08-01;5106216;3,14
2019-08-01;5106224;14,66
2019-08-01;5106232;4,38
2019-08-01;5106240;0,94
2019-08-01;5106257;7,08
2019-08-01;5106265;3,49
2019-08-01;5106273;3,77
2019-08-01;5106281;3,72
2019-08-01;5106299;3,55
2019-08-01;5106307;7,74
2019-08-01;5106315;2,46
2019-08-01;5106372;4,02
2019-08-01;5106422;4,46
2019-08-01;5106455;4,81
2019-08-01;5106505;5,53
2019-08-01;5106653;7,82
2019-08-01;5106703;9,77
2019-08-01;5106752;10,76
2019-08-01;5106778;2,37
2019-08-01;5106802;10,15
2019-08-01;5106828;3,41
2019-08-01;5106851;5,57
2019-08-01;5107008;4,42
2019-08-01;5107040;17,39
2019-08-01;5107065;5,27
2019-08-01;5107107;13,36
2019-08-01;5107156;4,17
2019-08-01;5107180;5,53
2019-08-01;5107198;10,85
2019-08-01;5107206;6,69
2019-08-01;5107248;4,62
2019-08-01;5107263;5,31
2019-08-01;5107297;2,07
2019-08-01;5107305;7,92
2019-08-01;5107354;4,4
2019-08-01;5107404;2,6
2019-08-01;5107578;0,42
2019-08-01;5107602;14,16
2019-08-01;5107701;6,11
2019-08-01;5107743;1,52
2019-08-01;5107750;6,51
2019-08-01;5107768;12,16
2019-08-01;5107776;2,05
2019-08-01;5107792;2,3
2019-08-01;5107800;6,62
2019-08-01;5107859;3,67
2019-08-01;5107875;7,86
2019-08-01;5107883;4,12
2019-08-01;5107909;17,66
2019-08-01;5107925;12,3
2019-08-01;5107941;10,06
2019-08-01;5107958;10,98
2019-08-01;5108006;7,81
2019-08-01;5108055;5,07
2019-08-01;5108105;4,81
2019-08-01;5108204;5,65
2019-08-01;5108303;4,77
2019-08-01;5108352;3,61
2019-08-01;5108402;14,58
2019-08-01;5108501;2,95
2019-08-01;5108600;3,0
2019-08-01;5108808;7,5
2019-08-01;5108857;4,42
2019-08-01;5108907;1,64
2019-08-01;5108956;5,04
2019-07-01;1100015;4,38
2019-07-01;1100023;11,98
2019-07-01;1100031;3,26
2019-07-01;1100049;9,83
2019-07-01;1100056;6,9
2019-07-01;1100064;8,62
2019-07-01;1100072;3,64
2019-07-01;1100080;2,57
2019-07-01;1100098;4,58
2019-07-01;1100106;5,62
2019-07-01;1100114;8,7
2019-07-01;1100122;10,19
2019-07-01;1100130;7,87
2019-07-01;1100148;7,42
2019-07-01;1100155;9,84
2019-07-01;1100189;2,77
2019-07-01;1100205;14,87
2019-07-01;1100254;9,99
2019-07-01;1100262;4,04
2019-07-01;1100288;5,97
2019-07-01;1100296;4,51
2019-07-01;1100304;8,42
2019-07-01;1100320;2,31
2019-07-01;1100338;5,01
2019-07-01;1100346;7,03
2019-07-01;1100379;4,49
2019-07-01;1100403;4,03
2019-07-01;1100452;5,42
2019-07-01;1100502;7,55
2019-07-01;1100601;2,15
2019-07-01;1100700;4,62
2019-07-01;1100809;5,91
2019-07-01;1100908;5,37
2019-07-01;1100924;2,19
2019-07-01;1100940;3,85
2019-07-01;1101005;3,32
2019-07-01;1101104;5,73
2019-07-01;1101203;2,02
2019-07-01;1101302;2,31
2019-07-01;1101401;3,75
2019-07-01;1101435;3,19
2019-07-01;1101450;7,74
2019-07-01;1101468;7,19
2019-07-01;1101476;4,59
2019-07-01;1101484;2,92
2019-07-01;1101492;1,57
2019-07-01;1101500;4,18
2019-07-01;1101559;3,06
2019-07-01;1101609;2,41
2019-07-01;1101708;5,19
2019-07-01;1101757;4,09
2019-07-01;1101807;9,17
2019-07-01;5100102;4,22
2019-07-01;5100201;5,43
2019-07-01;5100250;16,58
2019-07-01;5100300;6,97
2019-07-01;5100359;3,58
2019-07-01;5100409;6,48
2019-07-01;5100508;3,56
2019-07-01;5100607;6,74
2019-07-01;5100805;2,49
2019-07-01;5101001;4,0
2019-07-01;5101209;3,42
2019-07-01;5101258;6,94
2019-07-01;5101308;12,15
2019-07-01;5101407;8,01
2019-07-01;5101605;4,99
2019-07-01;5101704;7,86
2019-07-01;5101803;16,96
2019-07-01;5101852;3,01
2019-07-01;5101902;4,02
2019-07-01;5102504;8,91
2019-07-01;5102603;2,54
2019-07-01;5102637;11,1
2019-07-01;5102678;8,48
2019-07-01;5102686;8,23
2019-07-01;5102694;1,98
2019-07-01;5102702;8,64
2019-07-01;5102793;2,25
2019-07-01;5102850;3,13
2019-07-01;5103007;14,08
2019-07-01;5103056;4,94
2019-07-01;5103106;1,37
2019-07-01;5103205;16,13
2019-07-01;5103254;2,56
2019-07-01;5103304;5,57
2019-07-01;5103353;7,4
2019-07-01;5103361;6,61
2019-07-01;5103379;1,21
2019-07-01;5103403;26,55
2019-07-01;5103437;3,79
2019-07-01;5103452;3,91
2019-07-01;5103502;12,27
2019-07-01;5103601;7,35
2019-07-01;5103700;1,18
2019-07-01;5103809;10,42
2019-07-01;5103858;5,65
2019-07-01;5103908;2,58
2019-07-01;5103957;7,67
2019-07-01;5104104;4,95
2019-07-01;5104203;4,72
2019-07-01;5104500;4,76
2019-07-01;5104526;7,54
2019-07-01;5104542;6,03
2019-07-01;5104559;13,26
2019-07-01;5104609;5,99
2019-07-01;5104807;10,65
2019-07-01;5104906;5,03
2019-07-01;5105002;10,11
2019-07-01;5105101;7,37
2019-07-01;5105150;8,99
2019-07-01;5105176;3,98
2019-07-01;5105200;4,27
2019-07-01;5105234;3,51
2019-07-01;5105259;14,51
2019-07-01;5105309;4,0
2019-07-01;5105507;3,84
2019-07-01;5105580;3,83
2019-07-01;5105606;5,86
2019-07-01;5105622;9,17
2019-07-01;5105903;10,3
2019-07-01;5106000;5,26
2019-07-01;5106109;4,65
2019-07-01;5106158;3,17
2019-07-01;5106174;2,68
2019-07-01;5106182;3,84
2019-07-01;5106190;11,46
2019-07-01;5106208;7,52
2019-07-01;5106216;11,07
2019-07-01;5106224;14,84
2019-07-01;5106232;4,44
2019-07-01;5106240;1,01
2019-07-01;5106257;6,71
2019-07-01;5106265;3,49
2019-07-01;5106273;3,82
2019-07-01;5106281;3,84
2019-07-01;5106299;3,72
2019-07-01;5106307;7,69
2019-07-01;5106315;2,42
2019-07-01;5106372;4,1
2019-07-01;5106422;4,48
2019-07-01;5106455;4,28
2019-07-01;5106505;5,56
2019-07-01;5106653;8,0
2019-07-01;5106703;9,2
2019-07-01;5106752;10,82
2019-07-01;5106778;2,38
2019-07-01;5106802;10,28
2019-07-01;5106828;3,09
2019-07-01;5106851;5,26
2019-07-01;5107008;4,49
2019-07-01;5107040;17,47
2019-07-01;5107065;5,16
2019-07-01;5107107;13,4
2019-07-01;5107156;4,17
2019-07-01;5107180;5,55
2019-07-01;5107198;12,81
2019-07-01;5107206;6,67
2019-07-01;5107248;4,46
2019-07-01;5107263;5,34
2019-07-01;5107297;2,09
2019-07-01;5107305;8,14
2019-07-01;5107354;4,4
2019-07-01;5107404;2,58
2019-07-01;5107578;0,42
2019-07-01;5107602;13,21
2019-07-01;5107701;6,03
2019-07-01;5107743;1,56
2019-07-01;5107750;6,54
2019-07-01;5107768;12,45
2019-07-01;5107776;2,05
2019-07-01;5107792;1,28
2019-07-01;5107800;6,51
2019-07-01;5107859;3,68
2019-07-01;5107875;8,24
2019-07-01;5107883;4,18
2019-07-01;5107909;18,57
2019-07-01;5107925;11,88
2019-07-01;5107941;10,02
2019-07-01;5107958;10,46
2019-07-01;5108006;7,94
2019-07-01;5108055;5,09
2019-07-01;5108105;4,94
2019-07-01;5108204;5,35
2019-07-01;5108303;4,77
2019-07-01;5108352;3,58
2019-07-01;5108402;14,45
2019-07-01;5108501;2,99
2019-07-01;5108600;4,03
2019-07-01;5108808;7,52
2019-07-01;5108857;4,45
2019-07-01;5108907;1,64
2019-07-01;5108956;4,99
2019-06-01;1100015;3,9
2019-06-01;1100023;12,04
2019-06-01;1100031;3,2
2019-06-01;1100049;13,21
2019-06-01;1100056;6,84
2019-06-01;1100064;8,53
2019-06-01;1100072;3,59
2019-06-01;1100080;2,21
2019-06-01;1100098;4,75
2019-06-01;1100106;5,56
2019-06-01;1100114;8,44
2019-06-01;1100122;10,31
2019-06-01;1100130;6,65
2019-06-01;1100148;7,31
2019-06-01;1100155;9,87
2019-06-01;1100189;5,25
2019-06-01;1100205;15,17
2019-06-01;1100254;9,23
2019-06-01;1100262;3,49
2019-06-01;1100288;5,75
2019-06-01;1100296;4,07
2019-06-01;1100304;8,33
2019-06-01;1100320;2,29
2019-06-01;1100338;4,98
2019-06-01;1100346;6,45
2019-06-01;1100379;2,41
2019-06-01;1100403;3,81
2019-06-01;1100452;4,91
2019-06-01;1100502;7,2
2019-06-01;1100601;1,34
2019-06-01;1100700;4,13
2019-06-01;1100809;4,55
2019-06-01;1100908;5,0
2019-06-01;1100924;2,29
2019-06-01;1100940;2,68
2019-06-01;1101005;2,72
2019-06-01;1101104;5,06
2019-06-01;1101203;1,96
2019-06-01;1101302;2,24
2019-06-01;1101401;3,66
2019-06-01;1101435;3,11
2019-06-01;1101450;7,92
2019-06-01;1101468;7,07
2019-06-01;1101476;3,95
2019-06-01;1101484;2,88
2019-06-01;1101492;1,62
2019-06-01;1101500;3,61
2019-06-01;1101559;3,01
2019-06-01;1101609;2,05
2019-06-01;1101708;5,0
2019-06-01;1101757;3,74
2019-06-01;1101807;8,7
2019-06-01;5100102;4,19
2019-06-01;5100201;7,9
2019-06-01;5100250;16,61
2019-06-01;5100300;7,15
2019-06-01;5100359;3,74
2019-06-01;5100409;6,61
2019-06-01;5100508;3,6
2019-06-01;5100607;6,9
2019-06-01;5100805;2,57
2019-06-01;5101001;4,01
2019-06-01;5101209;3,35
2019-06-01;5101258;6,86
2019-06-01;5101308;12,28
2019-06-01;5101407;6,14
2019-06-01;5101605;4,57
2019-06-01;5101704;8,24
2019-06-01;5101803;17,14
2019-06-01;5101852;3,07
2019-06-01;5101902;4,12
2019-06-01;5102504;8,66
2019-06-01;5102603;2,56
2019-06-01;5102637;10,59
2019-06-01;5102678;10,96
2019-06-01;5102686;8,51
2019-06-01;5102694;2,0
2019-06-01;5102702;8,63
2019-06-01;5102793;2,21
2019-06-01;5102850;2,46
2019-06-01;5103007;14,14
2019-06-01;5103056;5,0
2019-06-01;5103106;1,69
2019-06-01;5103205;16,48
2019-06-01;5103254;2,73
2019-06-01;5103304;5,65
2019-06-01;5103353;3,23
2019-06-01;5103361;5,11
2019-06-01;5103379;1,26
2019-06-01;5103403;26,74
2019-06-01;5103437;3,87
2019-06-01;5103452;4,13
2019-06-01;5103502;12,32
2019-06-01;5103601;8,38
2019-06-01;5103700;1,28
2019-06-01;5103809;9,98
2019-06-01;5103858;5,66
2019-06-01;5103908;2,55
2019-06-01;5103957;7,59
2019-06-01;5104104;6,07
2019-06-01;5104203;4,8
2019-06-01;5104500;2,75
2019-06-01;5104526;7,36
2019-06-01;5104542;5,91
2019-06-01;5104559;11,61
2019-06-01;5104609;5,65
2019-06-01;5104807;8,62
2019-06-01;5104906;5,09
2019-06-01;5105002;8,99
2019-06-01;5105101;7,45
2019-06-01;5105150;8,97
2019-06-01;5105176;4,02
2019-06-01;5105200;5,01
2019-06-01;5105234;3,53
2019-06-01;5105259;14,72
2019-06-01;5105309;3,95
2019-06-01;5105507;6,04
2019-06-01;5105580;3,76
2019-06-01;5105606;5,74
2019-06-01;5105622;9,33
2019-06-01;5105903;10,24
2019-06-01;5106000;5,18
2019-06-01;5106109;4,57
2019-06-01;5106158;2,51
2019-06-01;5106174;2,66
2019-06-01;5106182;3,82
2019-06-01;5106190;11,87
2019-06-01;5106208;7,2
2019-06-01;5106216;10,97
2019-06-01;5106224;14,3
2019-06-01;5106232;4,5
2019-06-01;5106240;1,03
2019-06-01;5106257;6,89
2019-06-01;5106265;3,57
2019-06-01;5106273;3,89
2019-06-01;5106281;3,33
2019-06-01;5106299;3,61
2019-06-01;5106307;8,36
2019-06-01;5106315;2,45
2019-06-01;5106372;4,26
2019-06-01;5106422;3,9
2019-06-01;5106455;3,74
2019-06-01;5106505;5,6
2019-06-01;5106653;7,72
2019-06-01;5106703;9,05
2019-06-01;5106752;10,82
2019-06-01;5106778;2,44
2019-06-01;5106802;10,37
2019-06-01;5106828;3,11
2019-06-01;5106851;5,21
2019-06-01;5107008;4,54
2019-06-01;5107040;14,86
2019-06-01;5107065;5,13
2019-06-01;5107107;12,82
2019-06-01;5107156;4,15
2019-06-01;5107180;5,65
2019-06-01;5107198;10,34
2019-06-01;5107206;6,71
2019-06-01;5107248;4,61
2019-06-01;5107263;5,42
2019-06-01;5107297;2,11
2019-06-01;5107305;8,3
2019-06-01;5107354;4,51
2019-06-01;5107404;2,65
2019-06-01;5107578;0,43
2019-06-01;5107602;12,97
2019-06-01;5107701;5,96
2019-06-01;5107743;1,6
2019-06-01;5107750;6,4
2019-06-01;5107768;14,65
2019-06-01;5107776;2,02
2019-06-01;5107792;0,16
2019-06-01;5107800;6,08
2019-06-01;5107859;3,75
2019-06-01;5107875;8,37
2019-06-01;5107883;4,19
2019-06-01;5107909;17,91
2019-06-01;5107925;11,32
2019-06-01;5107941;9,87
2019-06-01;5107958;10,66
2019-06-01;5108006;7,9
2019-06-01;5108055;4,6
2019-06-01;5108105;5,04
2019-06-01;5108204;9,31
2019-06-01;5108303;4,74
2019-06-01;5108352;3,58
2019-06-01;5108402;14,61
2019-06-01;5108501;3,05
2019-06-01;5108600;4,28
2019-06-01;5108808;6,95
2019-06-01;5108857;4,34
2019-06-01;5108907;1,54
2019-06-01;5108956;5,1
2019-05-01;1100015;4,41
2019-05-01;1100023;11,1
2019-05-01;1100031;3,16
2019-05-01;1100049;10,08
2019-05-01;1100056;6,71
2019-05-01;1100064;8,5
2019-05-01;1100072;3,42
2019-05-01;1100080;2,25
2019-05-01;1100098;4,73
2019-05-01;1100106;5,34
2019-05-01;1100114;8,29
2019-05-01;1100122;11,02
2019-05-01;1100130;6,83
2019-05-01;1100148;7,19
2019-05-01;1100155;10,27
2019-05-01;1100189;5,3
2019-05-01;1100205;15,23
2019-05-01;1100254;10,8
2019-05-01;1100262;3,52
2019-05-01;1100288;9,89
2019-05-01;1100296;4,07
2019-05-01;1100304;8,43
2019-05-01;1100320;2,34
2019-05-01;1100338;4,4
2019-05-01;1100346;6,27
2019-05-01;1100379;2,46
2019-05-01;1100403;3,65
2019-05-01;1100452;4,8
2019-05-01;1100502;7,23
2019-05-01;1100601;1,36
2019-05-01;1100700;4,04
2019-05-01;1100809;4,93
2019-05-01;1100908;5,07
2019-05-01;1100924;2,31
2019-05-01;1100940;2,96
2019-05-01;1101005;2,73
2019-05-01;1101104;5,18
2019-05-01;1101203;2,06
2019-05-01;1101302;2,25
2019-05-01;1101401;3,51
2019-05-01;1101435;2,43
2019-05-01;1101450;7,94
2019-05-01;1101468;6,75
2019-05-01;1101476;5,27
2019-05-01;1101484;3,62
2019-05-01;1101492;1,64
2019-05-01;1101500;3,66
2019-05-01;1101559;2,94
2019-05-01;1101609;1,92
2019-05-01;1101708;3,46
2019-05-01;1101757;3,66
2019-05-01;1101807;8,8
2019-05-01;5100102;4,19
2019-05-01;5100201;7,92
2019-05-01;5100250;16,63
2019-05-01;5100300;7,19
2019-05-01;5100359;3,74
2019-05-01;5100409;6,6
2019-05-01;5100508;3,6
2019-05-01;5100607;6,83
2019-05-01;5100805;2,58
2019-05-01;5101001;4,01
2019-05-01;5101209;3,35
2019-05-01;5101258;6,95
2019-05-01;5101308;12,38
2019-05-01;5101407;6,18
2019-05-01;5101605;4,94
2019-05-01;5101704;8,48
2019-05-01;5101803;17,14
2019-05-01;5101852;3,13
2019-05-01;5101902;4,14
2019-05-01;5102504;8,67
2019-05-01;5102603;2,25
2019-05-01;5102637;10,61
2019-05-01;5102678;11,01
2019-05-01;5102686;8,52
2019-05-01;5102694;1,89
2019-05-01;5102702;8,61
2019-05-01;5102793;2,22
2019-05-01;5102850;2,44
2019-05-01;5103007;14,13
2019-05-01;5103056;4,95
2019-05-01;5103106;1,69
2019-05-01;5103205;16,27
2019-05-01;5103254;2,73
2019-05-01;5103304;5,67
2019-05-01;5103353;3,31
2019-05-01;5103361;5,16
2019-05-01;5103379;1,3
2019-05-01;5103403;26,69
2019-05-01;5103437;3,89
2019-05-01;5103452;4,24
2019-05-01;5103502;12,27
2019-05-01;5103601;7,78
2019-05-01;5103700;1,46
2019-05-01;5103809;10,09
2019-05-01;5103858;5,78
2019-05-01;5103908;2,57
2019-05-01;5103957;7,62
2019-05-01;5104104;5,81
2019-05-01;5104203;4,84
2019-05-01;5104500;4,7
2019-05-01;5104526;7,03
2019-05-01;5104542;6,38
2019-05-01;5104559;11,59
2019-05-01;5104609;3,99
2019-05-01;5104807;7,04
2019-05-01;5104906;5,02
2019-05-01;5105002;10,03
2019-05-01;5105101;7,47
2019-05-01;5105150;8,69
2019-05-01;5105176;4,08
2019-05-01;5105200;2,74
2019-05-01;5105234;3,52
2019-05-01;5105259;14,57
2019-05-01;5105309;3,95
2019-05-01;5105507;6,03
2019-05-01;5105580;3,78
2019-05-01;5105606;5,63
2019-05-01;5105622;9,31
2019-05-01;5105903;10,2
2019-05-01;5106000;5,22
2019-05-01;5106109;4,44
2019-05-01;5106158;3,15
2019-05-01;5106174;2,66
2019-05-01;5106182;3,8
2019-05-01;5106190;11,87
2019-05-01;5106208;7,26
2019-05-01;5106216;10,85
2019-05-01;5106224;14,11
2019-05-01;5106232;4,65
2019-05-01;5106240;1,15
2019-05-01;5106257;7,04
2019-05-01;5106265;3,58
2019-05-01;5106273;4,04
2019-05-01;5106281;3,35
2019-05-01;5106299;2,47
2019-05-01;5106307;7,79
2019-05-01;5106315;2,49
2019-05-01;5106372;4,34
2019-05-01;5106422;3,94
2019-05-01;5106455;3,7
2019-05-01;5106505;5,69
2019-05-01;5106653;5,08
2019-05-01;5106703;8,99
2019-05-01;5106752;10,92
2019-05-01;5106778;2,45
2019-05-01;5106802;9,34
2019-05-01;5106828;3,12
2019-05-01;5106851;5,25
2019-05-01;5107008;4,43
2019-05-01;5107040;14,9
2019-05-01;5107065;5,57
2019-05-01;5107107;9,79
2019-05-01;5107156;4,12
2019-05-01;5107180;5,71
2019-05-01;5107198;12,02
2019-05-01;5107206;6,73
2019-05-01;5107248;4,55
2019-05-01;5107263;5,39
2019-05-01;5107297;2,14
2019-05-01;5107305;8,23
2019-05-01;5107354;4,53
2019-05-01;5107404;2,63
2019-05-01;5107578;0,43
2019-05-01;5107602;11,92
2019-05-01;5107701;5,88
2019-05-01;5107743;1,56
2019-05-01;5107750;6,31
2019-05-01;5107768;14,14
2019-05-01;5107776;1,98
2019-05-01;5107792;0,16
2019-05-01;5107800;6,29
2019-05-01;5107859;3,73
2019-05-01;5107875;7,69
2019-05-01;5107883;4,25
2019-05-01;5107909;18,52
2019-05-01;5107925;11,42
2019-05-01;5107941;9,84
2019-05-01;5107958;10,6
2019-05-01;5108006;7,77
2019-05-01;5108055;4,62
2019-05-01;5108105;4,89
2019-05-01;5108204;9,18
2019-05-01;5108303;4,74
2019-05-01;5108352;3,58
2019-05-01;5108402;14,55
2019-05-01;5108501;3,12
2019-05-01;5108600;4,21
2019-05-01;5108808;2,84
2019-05-01;5108857;4,4
2019-05-01;5108907;1,54
2019-05-01;5108956;5,03
2019-04-01;1100015;4,86
2019-04-01;1100023;11,08
2019-04-01;1100031;3,25
2019-04-01;1100049;13,08
2019-04-01;1100056;6,78
2019-04-01;1100064;8,52
2019-04-01;1100072;3,21
2019-04-01;1100080;2,31
2019-04-01;1100098;4,58
2019-04-01;1100106;5,3
2019-04-01;1100114;8,08
2019-04-01;1100122;9,95
2019-04-01;1100130;6,6
2019-04-01;1100148;6,47
2019-04-01;1100155;9,87
2019-04-01;1100189;3,01
2019-04-01;1100205;14,59
2019-04-01;1100254;10,1
2019-04-01;1100262;3,49
2019-04-01;1100288;6,0
2019-04-01;1100296;4,04
2019-04-01;1100304;8,45
2019-04-01;1100320;2,42
2019-04-01;1100338;4,36
2019-04-01;1100346;6,21
2019-04-01;1100379;3,05
2019-04-01;1100403;3,29
2019-04-01;1100452;5,19
2019-04-01;1100502;6,83
2019-04-01;1100601;1,36
2019-04-01;1100700;3,98
2019-04-01;1100809;4,9
2019-04-01;1100908;5,07
2019-04-01;1100924;2,33
2019-04-01;1100940;2,71
2019-04-01;1101005;2,72
2019-04-01;1101104;5,21
2019-04-01;1101203;2,05
2019-04-01;1101302;2,25
2019-04-01;1101401;3,34
2019-04-01;1101435;2,27
2019-04-01;1101450;7,97
2019-04-01;1101468;6,39
2019-04-01;1101476;6,81
2019-04-01;1101484;4,24
2019-04-01;1101492;1,7
2019-04-01;1101500;3,68
2019-04-01;1101559;2,97
2019-04-01;1101609;3,99
2019-04-01;1101708;3,36
2019-04-01;1101757;2,96
2019-04-01;1101807;8,7
2019-04-01;5100102;4,15
2019-04-01;5100201;8,2
2019-04-01;5100250;16,66
2019-04-01;5100300;7,16
2019-04-01;5100359;3,8
2019-04-01;5100409;6,4
2019-04-01;5100508;3,59
2019-04-01;5100607;6,72
2019-04-01;5100805;2,57
2019-04-01;5101001;4,01
2019-04-01;5101209;3,35
2019-04-01;5101258;6,99
2019-04-01;5101308;12,45
2019-04-01;5101407;5,91
2019-04-01;5101605;4,87
2019-04-01;5101704;7,98
2019-04-01;5101803;17,22
2019-04-01;5101852;3,16
2019-04-01;5101902;4,15
2019-04-01;5102504;8,59
2019-04-01;5102603;2,18
2019-04-01;5102637;8,18
2019-04-01;5102678;7,86
2019-04-01;5102686;8,52
2019-04-01;5102694;2,0
2019-04-01;5102702;8,95
2019-04-01;5102793;2,23
2019-04-01;5102850;2,45
2019-04-01;5103007;14,05
2019-04-01;5103056;4,92
2019-04-01;5103106;1,69
2019-04-01;5103205;15,75
2019-04-01;5103254;2,74
2019-04-01;5103304;5,69
2019-04-01;5103353;3,66
2019-04-01;5103361;5,18
2019-04-01;5103379;1,31
2019-04-01;5103403;26,61
2019-04-01;5103437;3,91
2019-04-01;5103452;4,29
2019-04-01;5103502;12,27
2019-04-01;5103601;7,18
2019-04-01;5103700;1,45
2019-04-01;5103809;9,64
2019-04-01;5103858;7,05
2019-04-01;5103908;2,57
2019-04-01;5103957;7,65
2019-04-01;5104104;6,18
2019-04-01;5104203;4,76
2019-04-01;5104500;2,97
2019-04-01;5104526;6,45
2019-04-01;5104542;5,71
2019-04-01;5104559;11,59
2019-04-01;5104609;4,39
2019-04-01;5104807;7,38
2019-04-01;5104906;4,95
2019-04-01;5105002;10,1
2019-04-01;5105101;7,42
2019-04-01;5105150;8,49
2019-04-01;5105176;4,09
2019-04-01;5105200;2,8
2019-04-01;5105234;3,5
2019-04-01;5105259;14,29
2019-04-01;5105309;3,95
2019-04-01;5105507;6,04
2019-04-01;5105580;3,79
2019-04-01;5105606;6,05
2019-04-01;5105622;9,21
2019-04-01;5105903;10,13
2019-04-01;5106000;5,25
2019-04-01;5106109;4,26
2019-04-01;5106158;3,13
2019-04-01;5106174;2,68
2019-04-01;5106182;3,86
2019-04-01;5106190;11,9
2019-04-01;5106208;7,28
2019-04-01;5106216;10,73
2019-04-01;5106224;14,14
2019-04-01;5106232;4,69
2019-04-01;5106240;1,13
2019-04-01;5106257;7,02
2019-04-01;5106265;3,59
2019-04-01;5106273;4,02
2019-04-01;5106281;3,25
2019-04-01;5106299;2,47
2019-04-01;5106307;7,84
2019-04-01;5106315;2,49
2019-04-01;5106372;4,42
2019-04-01;5106422;3,83
2019-04-01;5106455;3,66
2019-04-01;5106505;5,65
2019-04-01;5106653;8,18
2019-04-01;5106703;7,3
2019-04-01;5106752;10,97
2019-04-01;5106778;2,45
2019-04-01;5106802;8,05
2019-04-01;5106828;3,11
2019-04-01;5106851;5,05
2019-04-01;5107008;4,46
2019-04-01;5107040;15,01
2019-04-01;5107065;5,45
2019-04-01;5107107;9,87
2019-04-01;5107156;4,04
2019-04-01;5107180;5,75
2019-04-01;5107198;12,6
2019-04-01;5107206;6,9
2019-04-01;5107248;4,57
2019-04-01;5107263;5,39
2019-04-01;5107297;2,19
2019-04-01;5107305;8,17
2019-04-01;5107354;4,6
2019-04-01;5107404;2,63
2019-04-01;5107578;0,43
2019-04-01;5107602;12,37
2019-04-01;5107701;5,8
2019-04-01;5107743;2,2
2019-04-01;5107750;6,31
2019-04-01;5107768;14,05
2019-04-01;5107776;2,09
2019-04-01;5107792;0,16
2019-04-01;5107800;6,0
2019-04-01;5107859;3,74
2019-04-01;5107875;7,72
2019-04-01;5107883;4,25
2019-04-01;5107909;17,13
2019-04-01;5107925;11,71
2019-04-01;5107941;9,12
2019-04-01;5107958;10,13
2019-04-01;5108006;7,1
2019-04-01;5108055;4,76
2019-04-01;5108105;5,73
2019-04-01;5108204;5,31
2019-04-01;5108303;4,74
2019-04-01;5108352;3,61
2019-04-01;5108402;14,58
2019-04-01;5108501;3,17
2019-04-01;5108600;3,78
2019-04-01;5108808;6,66
2019-04-01;5108857;4,37
2019-04-01;5108907;1,48
2019-04-01;5108956;6,1
2019-03-01;1100015;4,04
2019-03-01;1100023;11,09
2019-03-01;1100031;3,29
2019-03-01;1100049;13,54
2019-03-01;1100056;6,93
2019-03-01;1100064;8,52
2019-03-01;1100072;3,24
2019-03-01;1100080;2,29
2019-03-01;1100098;4,77
2019-03-01;1100106;5,25
2019-03-01;1100114;7,82
2019-03-01;1100122;11,76
2019-03-01;1100130;6,45
2019-03-01;1100148;6,83
2019-03-01;1100155;9,88
2019-03-01;1100189;3,65
2019-03-01;1100205;14,65
2019-03-01;1100254;9,89
2019-03-01;1100262;3,52
2019-03-01;1100288;6,03
2019-03-01;1100296;4,2
2019-03-01;1100304;8,0
2019-03-01;1100320;2,4
2019-03-01;1100338;4,35
2019-03-01;1100346;6,01
2019-03-01;1100379;2,49
2019-03-01;1100403;2,93
2019-03-01;1100452;4,56
2019-03-01;1100502;6,57
2019-03-01;1100601;1,37
2019-03-01;1100700;3,9
2019-03-01;1100809;4,7
2019-03-01;1100908;5,07
2019-03-01;1100924;2,38
2019-03-01;1100940;2,65
2019-03-01;1101005;2,52
2019-03-01;1101104;5,19
2019-03-01;1101203;2,06
2019-03-01;1101302;2,31
2019-03-01;1101401;3,03
2019-03-01;1101435;1,93
2019-03-01;1101450;7,97
2019-03-01;1101468;6,48
2019-03-01;1101476;6,26
2019-03-01;1101484;3,37
2019-03-01;1101492;2,28
2019-03-01;1101500;3,68
2019-03-01;1101559;2,92
2019-03-01;1101609;3,74
2019-03-01;1101708;3,32
2019-03-01;1101757;3,05
2019-03-01;1101807;8,72
2019-03-01;5100102;4,06
2019-03-01;5100201;9,41
2019-03-01;5100250;16,52
2019-03-01;5100300;7,19
2019-03-01;5100359;3,81
2019-03-01;5100409;6,5
2019-03-01;5100508;3,5
2019-03-01;5100607;6,15
2019-03-01;5100805;2,57
2019-03-01;5101001;4,04
2019-03-01;5101209;3,35
2019-03-01;5101258;6,97
2019-03-01;5101308;12,24
2019-03-01;5101407;5,88
2019-03-01;5101605;4,72
2019-03-01;5101704;7,13
2019-03-01;5101803;17,24
2019-03-01;5101852;3,16
2019-03-01;5101902;4,16
2019-03-01;5102504;8,57
2019-03-01;5102603;2,19
2019-03-01;5102637;9,57
2019-03-01;5102678;7,99
2019-03-01;5102686;8,6
2019-03-01;5102694;2,04
2019-03-01;5102702;8,61
2019-03-01;5102793;2,23
2019-03-01;5102850;2,45
2019-03-01;5103007;13,11
2019-03-01;5103056;4,86
2019-03-01;5103106;1,41
2019-03-01;5103205;16,24
2019-03-01;5103254;2,72
2019-03-01;5103304;5,73
2019-03-01;5103353;3,03
2019-03-01;5103361;5,16
2019-03-01;5103379;1,32
2019-03-01;5103403;26,34
2019-03-01;5103437;3,93
2019-03-01;5103452;4,37
2019-03-01;5103502;12,08
2019-03-01;5103601;6,74
2019-03-01;5103700;1,47
2019-03-01;5103809;9,56
2019-03-01;5103858;5,87
2019-03-01;5103908;2,7
2019-03-01;5103957;7,65
2019-03-01;5104104;5,98
2019-03-01;5104203;4,66
2019-03-01;5104500;4,48
2019-03-01;5104526;6,52
2019-03-01;5104542;5,72
2019-03-01;5104559;11,66
2019-03-01;5104609;3,97
2019-03-01;5104807;7,5
2019-03-01;5104906;4,86
2019-03-01;5105002;10,04
2019-03-01;5105101;7,27
2019-03-01;5105150;8,41
2019-03-01;5105176;4,09
2019-03-01;5105200;2,76
2019-03-01;5105234;3,5
2019-03-01;5105259;14,05
2019-03-01;5105309;3,95
2019-03-01;5105507;6,03
2019-03-01;5105580;3,67
2019-03-01;5105606;6,26
2019-03-01;5105622;9,18
2019-03-01;5105903;9,37
2019-03-01;5106000;5,27
2019-03-01;5106109;4,1
2019-03-01;5106158;3,19
2019-03-01;5106174;2,74
2019-03-01;5106182;3,88
2019-03-01;5106190;11,87
2019-03-01;5106208;7,18
2019-03-01;5106216;10,55
2019-03-01;5106224;14,15
2019-03-01;5106232;4,7
2019-03-01;5106240;1,09
2019-03-01;5106257;6,87
2019-03-01;5106265;3,6
2019-03-01;5106273;4,04
2019-03-01;5106281;3,42
2019-03-01;5106299;2,47
2019-03-01;5106307;7,39
2019-03-01;5106315;2,49
2019-03-01;5106372;4,47
2019-03-01;5106422;3,95
2019-03-01;5106455;3,62
2019-03-01;5106505;5,74
2019-03-01;5106653;5,24
2019-03-01;5106703;6,12
2019-03-01;5106752;10,87
2019-03-01;5106778;2,48
2019-03-01;5106802;6,74
2019-03-01;5106828;3,13
2019-03-01;5106851;5,02
2019-03-01;5107008;4,51
2019-03-01;5107040;16,68
2019-03-01;5107065;5,6
2019-03-01;5107107;9,99
2019-03-01;5107156;3,86
2019-03-01;5107180;5,8
2019-03-01;5107198;14,11
2019-03-01;5107206;6,86
2019-03-01;5107248;4,57
2019-03-01;5107263;5,36
2019-03-01;5107297;2,19
2019-03-01;5107305;7,64
2019-03-01;5107354;4,6
2019-03-01;5107404;2,59
2019-03-01;5107578;0,4
2019-03-01;5107602;12,4
2019-03-01;5107701;5,63
2019-03-01;5107743;1,52
2019-03-01;5107750;6,23
2019-03-01;5107768;14,32
2019-03-01;5107776;1,93
2019-03-01;5107792;1,04
2019-03-01;5107800;5,87
2019-03-01;5107859;3,74
2019-03-01;5107875;7,68
2019-03-01;5107883;4,25
2019-03-01;5107909;16,62
2019-03-01;5107925;11,93
2019-03-01;5107941;9,05
2019-03-01;5107958;10,41
2019-03-01;5108006;7,0
2019-03-01;5108055;4,68
2019-03-01;5108105;4,86
2019-03-01;5108204;5,45
2019-03-01;5108303;4,77
2019-03-01;5108352;3,55
2019-03-01;5108402;14,49
2019-03-01;5108501;3,2
2019-03-01;5108600;3,72
2019-03-01;5108808;6,66
2019-03-01;5108857;4,16
2019-03-01;5108907;1,14
2019-03-01;5108956;5,79
2019-02-01;1100015;3,62
2019-02-01;1100023;11,08
2019-02-01;1100031;3,31
2019-02-01;1100049;8,28
2019-02-01;1100056;7,05
2019-02-01;1100064;8,64
2019-02-01;1100072;3,05
2019-02-01;1100080;2,1
2019-02-01;1100098;4,82
2019-02-01;1100106;4,79
2019-02-01;1100114;7,66
2019-02-01;1100122;11,61
2019-02-01;1100130;6,22
2019-02-01;1100148;5,69
2019-02-01;1100155;9,99
2019-02-01;1100189;4,78
2019-02-01;1100205;14,55
2019-02-01;1100254;9,49
2019-02-01;1100262;3,57
2019-02-01;1100288;5,24
2019-02-01;1100296;4,35
2019-02-01;1100304;8,12
2019-02-01;1100320;2,14
2019-02-01;1100338;4,3
2019-02-01;1100346;5,43
2019-02-01;1100379;2,89
2019-02-01;1100403;2,78
2019-02-01;1100452;3,96
2019-02-01;1100502;6,43
2019-02-01;1100601;1,42
2019-02-01;1100700;3,83
2019-02-01;1100809;4,32
2019-02-01;1100908;5,1
2019-02-01;1100924;2,44
2019-02-01;1100940;2,58
2019-02-01;1101005;2,37
2019-02-01;1101104;5,06
2019-02-01;1101203;2,07
2019-02-01;1101302;2,35
2019-02-01;1101401;2,65
2019-02-01;1101435;0,94
2019-02-01;1101450;7,97
2019-02-01;1101468;6,44
2019-02-01;1101476;5,85
2019-02-01;1101484;3,98
2019-02-01;1101492;1,74
2019-02-01;1101500;3,7
2019-02-01;1101559;2,92
2019-02-01;1101609;3,53
2019-02-01;1101708;3,39
2019-02-01;1101757;2,82
2019-02-01;1101807;8,7
2019-02-01;5100102;3,95
2019-02-01;5100201;9,34
2019-02-01;5100250;23,28
2019-02-01;5100300;7,16
2019-02-01;5100359;3,81
2019-02-01;5100409;6,44
2019-02-01;5100508;3,36
2019-02-01;5100607;6,25
2019-02-01;5100805;2,57
2019-02-01;5101001;4,07
2019-02-01;5101209;3,35
2019-02-01;5101258;6,99
2019-02-01;5101308;12,27
2019-02-01;5101407;6,79
2019-02-01;5101605;4,64
2019-02-01;5101704;7,65
2019-02-01;5101803;17,25
2019-02-01;5101852;3,16
2019-02-01;5101902;4,11
2019-02-01;5102504;8,45
2019-02-01;5102603;2,22
2019-02-01;5102637;8,23
2019-02-01;5102678;8,12
2019-02-01;5102686;9,03
2019-02-01;5102694;2,1
2019-02-01;5102702;8,63
2019-02-01;5102793;2,64
2019-02-01;5102850;2,44
2019-02-01;5103007;13,25
2019-02-01;5103056;4,7
2019-02-01;5103106;1,37
2019-02-01;5103205;13,11
2019-02-01;5103254;2,17
2019-02-01;5103304;5,71
2019-02-01;5103353;3,06
2019-02-01;5103361;5,03
2019-02-01;5103379;1,34
2019-02-01;5103403;26,73
2019-02-01;5103437;3,87
2019-02-01;5103452;4,22
2019-02-01;5103502;11,95
2019-02-01;5103601;5,33
2019-02-01;5103700;1,47
2019-02-01;5103809;9,53
2019-02-01;5103858;5,8
2019-02-01;5103908;2,57
2019-02-01;5103957;7,39
2019-02-01;5104104;6,16
2019-02-01;5104203;4,51
2019-02-01;5104500;4,48
2019-02-01;5104526;6,48
2019-02-01;5104542;5,69
2019-02-01;5104559;11,61
2019-02-01;5104609;3,81
2019-02-01;5104807;7,44
2019-02-01;5104906;4,84
2019-02-01;5105002;10,17
2019-02-01;5105101;7,02
2019-02-01;5105150;8,46
2019-02-01;5105176;3,73
2019-02-01;5105200;2,75
2019-02-01;5105234;3,48
2019-02-01;5105259;16,04
2019-02-01;5105309;3,95
2019-02-01;5105507;6,03
2019-02-01;5105580;3,68
2019-02-01;5105606;5,23
2019-02-01;5105622;9,02
2019-02-01;5105903;9,61
2019-02-01;5106000;5,32
2019-02-01;5106109;4,01
2019-02-01;5106158;3,15
2019-02-01;5106174;2,71
2019-02-01;5106182;3,85
2019-02-01;5106190;11,9
2019-02-01;5106208;6,7
2019-02-01;5106216;10,25
2019-02-01;5106224;14,52
2019-02-01;5106232;4,73
2019-02-01;5106240;1,11
2019-02-01;5106257;6,61
2019-02-01;5106265;3,74
2019-02-01;5106273;4,09
2019-02-01;5106281;3,14
2019-02-01;5106299;2,47
2019-02-01;5106307;6,54
2019-02-01;5106315;2,53
2019-02-01;5106372;4,6
2019-02-01;5106422;3,85
2019-02-01;5106455;3,77
2019-02-01;5106505;5,71
2019-02-01;5106653;5,49
2019-02-01;5106703;4,18
2019-02-01;5106752;10,67
2019-02-01;5106778;2,49
2019-02-01;5106802;6,85
2019-02-01;5106828;3,08
2019-02-01;5106851;4,89
2019-02-01;5107008;4,41
2019-02-01;5107040;15,13
2019-02-01;5107065;5,54
2019-02-01;5107107;9,86
2019-02-01;5107156;3,97
2019-02-01;5107180;5,83
2019-02-01;5107198;12,44
2019-02-01;5107206;6,92
2019-02-01;5107248;4,37
2019-02-01;5107263;5,33
2019-02-01;5107297;2,19
2019-02-01;5107305;7,33
2019-02-01;5107354;4,6
2019-02-01;5107404;2,57
2019-02-01;5107578;0,43
2019-02-01;5107602;11,03
2019-02-01;5107701;5,45
2019-02-01;5107743;1,6
2019-02-01;5107750;6,11
2019-02-01;5107768;13,75
2019-02-01;5107776;1,96
2019-02-01;5107792;0,16
2019-02-01;5107800;5,61
2019-02-01;5107859;3,7
2019-02-01;5107875;7,74
2019-02-01;5107883;4,25
2019-02-01;5107909;15,66
2019-02-01;5107925;11,96
2019-02-01;5107941;8,45
2019-02-01;5107958;10,53
2019-02-01;5108006;7,07
2019-02-01;5108055;4,7
2019-02-01;5108105;4,62
2019-02-01;5108204;6,07
2019-02-01;5108303;4,74
2019-02-01;5108352;3,52
2019-02-01;5108402;14,69
2019-02-01;5108501;3,25
2019-02-01;5108600;3,68
2019-02-01;5108808;6,49
2019-02-01;5108857;4,12
2019-02-01;5108907;0,97
2019-02-01;5108956;5,75
2019-01-01;1100015;3,7
2019-01-01;1100023;11,11
2019-01-01;1100031;3,29
2019-01-01;1100049;13,54
2019-01-01;1100056;7,16
2019-01-01;1100064;8,71
2019-01-01;1100072;3,04
2019-01-01;1100080;2,11
2019-01-01;1100098;4,44
2019-01-01;1100106;5,12
2019-01-01;1100114;7,56
2019-01-01;1100122;7,27
2019-01-01;1100130;6,08
2019-01-01;1100148;5,2
2019-01-01;1100155;10,29
2019-01-01;1100189;4,81
2019-01-01;1100205;14,48
2019-01-01;1100254;9,12
2019-01-01;1100262;3,73
2019-01-01;1100288;5,13
2019-01-01;1100296;3,98
2019-01-01;1100304;8,22
2019-01-01;1100320;2,17
2019-01-01;1100338;4,16
2019-01-01;1100346;4,78
2019-01-01;1100379;2,65
2019-01-01;1100403;2,64
2019-01-01;1100452;3,88
2019-01-01;1100502;6,43
2019-01-01;1100601;1,47
2019-01-01;1100700;3,63
2019-01-01;1100809;4,12
2019-01-01;1100908;5,16
2019-01-01;1100924;2,48
2019-01-01;1100940;2,79
2019-01-01;1101005;2,36
2019-01-01;1101104;5,12
2019-01-01;1101203;2,09
2019-01-01;1101302;2,36
2019-01-01;1101401;2,34
2019-01-01;1101435;0,96
2019-01-01;1101450;7,99
2019-01-01;1101468;6,34
2019-01-01;1101476;4,53
2019-01-01;1101484;2,92
2019-01-01;1101492;2,12
2019-01-01;1101500;3,76
2019-01-01;1101559;2,85
2019-01-01;1101609;1,43
2019-01-01;1101708;3,38
2019-01-01;1101757;2,76
2019-01-01;1101807;9,29
2019-01-01;5100102;3,96
2019-01-01;5100201;9,15
2019-01-01;5100250;22,65
2019-01-01;5100300;7,15
2019-01-01;5100359;3,86
2019-01-01;5100409;6,45
2019-01-01;5100508;3,4
2019-01-01;5100607;6,32
2019-01-01;5100805;2,59
2019-01-01;5101001;4,1
2019-01-01;5101209;3,35
2019-01-01;5101258;6,93
2019-01-01;5101308;12,3
2019-01-01;5101407;5,95
2019-01-01;5101605;4,68
2019-01-01;5101704;7,66
2019-01-01;5101803;17,27
2019-01-01;5101852;3,19
2019-01-01;5101902;3,81
2019-01-01;5102504;8,14
2019-01-01;5102603;2,1
2019-01-01;5102637;8,25
2019-01-01;5102678;8,28
2019-01-01;5102686;9,08
2019-01-01;5102694;2,12
2019-01-01;5102702;8,59
2019-01-01;5102793;2,69
2019-01-01;5102850;2,45
2019-01-01;5103007;13,42
2019-01-01;5103056;4,62
2019-01-01;5103106;1,37
2019-01-01;5103205;15,42
2019-01-01;5103254;2,19
2019-01-01;5103304;5,71
2019-01-01;5103353;2,88
2019-01-01;5103361;4,66
2019-01-01;5103379;1,34
2019-01-01;5103403;26,4
2019-01-01;5103437;3,95
2019-01-01;5103452;4,33
2019-01-01;5103502;11,97
2019-01-01;5103601;5,21
2019-01-01;5103700;1,46
2019-01-01;5103809;9,67
2019-01-01;5103858;5,83
2019-01-01;5103908;2,73
2019-01-01;5103957;7,29
2019-01-01;5104104;6,18
2019-01-01;5104203;4,4
2019-01-01;5104500;4,04
2019-01-01;5104526;6,52
2019-01-01;5104542;5,66
2019-01-01;5104559;11,56
2019-01-01;5104609;3,87
2019-01-01;5104807;7,46
2019-01-01;5104906;4,97
2019-01-01;5105002;10,34
2019-01-01;5105101;7,28
2019-01-01;5105150;8,48
2019-01-01;5105176;3,76
2019-01-01;5105200;2,77
2019-01-01;5105234;3,5
2019-01-01;5105259;13,53
2019-01-01;5105309;3,95
2019-01-01;5105507;6,01
2019-01-01;5105580;3,74
2019-01-01;5105606;5,28
2019-01-01;5105622;8,98
2019-01-01;5105903;9,41
2019-01-01;5106000;5,42
2019-01-01;5106109;3,97
2019-01-01;5106158;3,17
2019-01-01;5106174;2,76
2019-01-01;5106182;3,95
2019-01-01;5106190;11,95
2019-01-01;5106208;6,77
2019-01-01;5106216;10,01
2019-01-01;5106224;13,91
2019-01-01;5106232;4,81
2019-01-01;5106240;1,12
2019-01-01;5106257;6,37
2019-01-01;5106265;3,77
2019-01-01;5106273;4,12
2019-01-01;5106281;3,15
2019-01-01;5106299;2,51
2019-01-01;5106307;6,66
2019-01-01;5106315;2,53
2019-01-01;5106372;4,73
2019-01-01;5106422;3,82
2019-01-01;5106455;3,89
2019-01-01;5106505;5,73
2019-01-01;5106653;8,35
2019-01-01;5106703;4,37
2019-01-01;5106752;10,47
2019-01-01;5106778;2,49
2019-01-01;5106802;7,0
2019-01-01;5106828;3,0
2019-01-01;5106851;4,85
2019-01-01;5107008;4,55
2019-01-01;5107040;15,41
2019-01-01;5107065;5,23
2019-01-01;5107107;10,99
2019-01-01;5107156;3,93
2019-01-01;5107180;5,92
2019-01-01;5107198;11,22
2019-01-01;5107206;6,96
2019-01-01;5107248;4,19
2019-01-01;5107263;4,97
2019-01-01;5107297;2,19
2019-01-01;5107305;7,06
2019-01-01;5107354;4,53
2019-01-01;5107404;2,52
2019-01-01;5107578;0,43
2019-01-01;5107602;12,88
2019-01-01;5107701;5,51
2019-01-01;5107743;0,48
2019-01-01;5107750;6,17
2019-01-01;5107768;13,75
2019-01-01;5107776;1,98
2019-01-01;5107792;1,11
2019-01-01;5107800;5,65
2019-01-01;5107859;3,72
2019-01-01;5107875;7,5
2019-01-01;5107883;4,25
2019-01-01;5107909;15,36
2019-01-01;5107925;12,25
2019-01-01;5107941;8,44
2019-01-01;5107958;10,42
2019-01-01;5108006;6,49
2019-01-01;5108055;4,75
2019-01-01;5108105;4,54
2019-01-01;5108204;5,45
2019-01-01;5108303;4,77
2019-01-01;5108352;3,48
2019-01-01;5108402;14,65
2019-01-01;5108501;3,32
2019-01-01;5108600;4,06
2019-01-01;5108808;5,88
2019-01-01;5108857;4,19
2019-01-01;5108907;0,89
2019-01-01;5108956;4,6
